Country or area;Urban Agglomeration;Latitude;Longitude;Population_2015;
Japan;Tokyo;35.6895;139.69171;38001018;
India;Delhi;28.66667;77.21667;25703168;
China;Shanghai;31.22;121.46;23740778;
Brazil;S?o Paulo;-23.55;-46.64;21066245;
India;Mumbai (Bombay);19.073975;72.880838;21042538;
Mexico;Ciudad de México (Mexico City);19.427318;-99.141869;20998543;
China;Beijing;39.91;116.40;20383994;
Japan;Kinki M.M.A. (Osaka);34.675834;135.553823;20237645;
Egypt;Al-Qahirah (Cairo);30.04;31.24;18771769;
United States of America;New York-Newark;40.717042;-74.003663;18593220;
Bangladesh;Dhaka;23.71;90.41;17598228;
Pakistan;Karachi;24.9056;67.0822;16617644;
Argentina;Buenos Aires;-34.61;-58.40;15180176;
India;Kolkata (Calcutta);22.533455;88.356045;14864919;
Turkey;Istanbul;41.0138;28.9497;14163989;
China;Chongqing;29.56;106.55;13331579;
Nigeria;Lagos;6.45306;3.39583;13122829;
Philippines;Manila;14.6042;120.9822;12946263;
Brazil;Rio de Janeiro;-22.90;-43.21;12902306;
China;Guangzhou, Guangdong;23.13;113.26;12458130;
United States of America;Los Angeles-Long Beach-Santa Ana;34.031656;-118.241716;12309530;
Russian Federation;Moskva (Moscow);55.754996;37.621849;12165704;
Democratic Republic of the Congo;Kinshasa;-4.33;15.31;11586914;
China;Tianjin;39.11;117.19;11210329;
France;Paris;48.85341;2.3488;10843285;
China;Shenzhen;22.54;114.06;10749473;
Indonesia;Jakarta;-6.211831;106.841646;10323142;
United Kingdom;London;51.50853;-0.12574;10313307;
India;Bangalore;12.97194;77.59369;10087132;
Peru;Lima;-12.04318;-77.02824;9897033;
India;Chennai (Madras);13.053091;80.24875;9890427;
Republic of Korea;Seoul;37.56826;126.97783;9773746;
Colombia;Bogot?;4.61;-74.08;9764769;
Japan;Chukyo M.M.A. (Nagoya);35.18147;136.90641;9406264;
South Africa;Johannesburg;-26.20227;28.04363;9398698;
Thailand;Krung Thep (Bangkok);13.721964;100.525248;9269823;
India;Hyderabad;17.37528;78.47444;8943523;
United States of America;Chicago;41.85003;-87.65005;8744835;
Pakistan;Lahore;31.5497222;74.3436111;8741365;
Iran (Islamic Republic of);Tehran;35.69439;51.42151;8432196;
China;Wuhan;30.58;114.27;7905572;
China;Chengdu;30.67;104.07;7555705;
China;Dongguan;23.02;113.74;7434935;
China;Nanjing, Jiangsu;32.05;118.79;7369157;
India;Ahmadabad;23.03333;72.61667;7342850;
China, Hong Kong SAR;Hong Kong;22.28;114.19;7313557;
Viet Nam;Th?nh Pho Ho Ch? Minh (Ho Chi Minh City);10.75;106.66667;7297780;
China;Foshan;23.02;113.12;7035945;
Malaysia;Kuala Lumpur;3.1412;101.68653;6836911;
Iraq;Baghdad;33.34058;44.40088;6642848;
Chile;Santiago;-33.46;-70.65;6507400;
China;Hangzhou;30.29;120.16;6390637;
Saudi Arabia;Ar-Riyadh (Riyadh);24.690466;46.709566;6369710;
China;Shenyang;41.79;123.43;6315470;
Spain;Madrid;40.4165;-3.70256;6199254;
China;Xi'an, Shaanxi;34.29;108.94;6043700;
Canada;Toronto;43.70;-79.42;5992739;
United States of America;Miami;25.789097;-80.204044;5817221;
India;Pune (Poona);18.516057;73.861578;5727530;
Brazil;Belo Horizonte;-19.92;-43.94;5716422;
United States of America;Dallas-Fort Worth;32.72541;-97.32085;5702641;
India;Surat;21.16667;72.83333;5650011;
United States of America;Houston;29.7601927;-95.3693896;5638045;
Singapore;Singapore;1.28967;103.85007;5618866;
United States of America;Philadelphia;39.95234;-75.16379;5585211;
Japan;Kitakyushu-Fukuoka M.M.A.;33.6064;130.4181;5510478;
Angola;Luanda;-8.84;13.23;5506000;
China;Suzhou, Jiangsu;31.30;120.59;5472033;
China;Haerbin;45.76;126.65;5457414;
Spain;Barcelona;41.38879;2.15899;5258319;
United States of America;Atlanta;33.76;-84.4;5142140;
Sudan;Al-Khartum (Khartoum);15.55177;32.53241;5129358;
United Republic of Tanzania;Dar es Salaam;-6.82349;39.26951;5115670;
Russian Federation;Sankt Peterburg (Saint Petersburg);59.929858;30.326228;4992991;
United States of America;Washington, D.C.;38.89511;-77.03637;4955139;
C?te d'Ivoire;Abidjan;5.35;-4.03;4859798;
Mexico;Guadalajara;20.66667;-103.33333;4843241;
Myanmar;Yangon;16.80528;96.15611;4801930;
Egypt;Al-Iskandariyah (Alexandria);31.19;29.90;4777677;
Turkey;Ankara;39.91987;32.85427;4749968;
Afghanistan;Kabul;34.53;69.17;4634875;
China;Qingdao;36.10;120.37;4565549;
Bangladesh;Chittagong;22.33;91.84;4539393;
Mexico;Monterrey;25.66667;-100.31667;4512572;
Australia;Sydney;-33.87;151.21;4505341;
China;Dalian;38.91;121.60;4489380;
China;Xiamen;24.48;118.08;4430081;
China;Zhengzhou;34.76;113.65;4387118;
United States of America;Boston;42.347919;-71.06453;4249036;
Australia;Melbourne;-37.81;144.96;4203416;
Brazil;Bras?lia;-15.78;-47.93;4155476;
Saudi Arabia;Jiddah;21.51694;39.21917;4075803;
United States of America;Phoenix-Mesa;33.449454;-112.074743;4062605;
China;Ji'nan, Shandong;36.68;117.00;4032150;
Canada;Montréal;45.51;-73.59;3980708;
China;Shantou;23.37;116.71;3948813;
Kenya;Nairobi;-1.28333;36.81667;3914791;
Colombia;Medell?n;6.25;-75.56;3910989;
Brazil;Fortaleza;-3.74;-38.54;3880202;
China;Kunming;25.04;102.72;3779558;
China;Changchun;43.88;125.29;3762390;
China;Changsha;28.23;112.94;3761018;
Brazil;Recife;-8.05;-34.88;3738526;
Italy;Roma (Rome);41.894743;12.481142;3717956;
China;Zhongshan;22.52;113.38;3691360;
South Africa;Cape Town;-33.92584;18.42322;3660447;
United States of America;Detroit;42.387137;-83.102641;3639050;
Viet Nam;H? Noi;21.0245;105.84117;3629493;
Israel;Tel Aviv-Yafo (Tel Aviv-Jaffa);32.08088;34.78057;3608265;
Brazil;P?rto Alegre;-30.03;-51.23;3602526;
Nigeria;Kano;12.00012;8.51672;3587049;
Brazil;Salvador;-12.97;-38.51;3582967;
Pakistan;Faisalabad;31.4166667;73.0833333;3566952;
Germany;Berlin;52.52437;13.41053;3563194;
Syrian Arab Republic;Halab (Aleppo);36.213611;37.157141;3561796;
Senegal;Dakar;14.6937;-17.44406;3520215;
Morocco;Dar-el-Beida (Casablanca);33.59278;-7.61916;3514958;
China;Ürümqi (Wulumqi);43.83;87.60;3498591;
China;Taiyuan, Shanxi;37.86;112.55;3481810;
Brazil;Curitiba;-25.43;-49.27;3473681;
India;Jaipur;26.91667;75.81667;3460701;
Japan;Shizuoka-Hamamatsu M.M.A.;34.9769;138.3831;3368988;
China;Hefei;31.86;117.28;3347591;
United States of America;San Francisco-Oakland;37.759881;-122.437392;3300075;
China;Fuzhou, Fujian;26.08;119.30;3282932;
China;Shijiazhuang;38.04;114.51;3264498;
United States of America;Seattle;47.626353;-122.333144;3248724;
Ethiopia;Addis Ababa;9.02497;38.74689;3237525;
China;Nanning;22.82;108.32;3234379;
India;Lucknow;26.85;80.91667;3221817;
Republic of Korea;Busan;35.10278;129.04028;3216298;
China;Wenzhou;28.00;120.67;3207846;
Nigeria;Ibadan;7.38778;3.89639;3160190;
China;Ningbo;29.88;121.55;3131921;
United States of America;San Diego;32.71533;-117.15726;3107034;
Italy;Milano (Milan);45.55307;9.18344;3098974;
Cameroon;Yaoundé;3.87;11.52;3065692;
Greece;Ath?nai (Athens);37.95342;23.74897;3051899;
China;Wuxi, Jiangsu;31.54;120.30;3049042;
Brazil;Campinas;-22.91;-47.07;3047102;
Turkey;Izmir;38.41273;27.13838;3040416;
India;Kanpur;26.46667;80.35;3020795;
Iran (Islamic Republic of);Mashhad;36.297;59.6062;3014424;
Mexico;Puebla;19.041532;-98.204962;2984048;
Yemen;Sana'a';15.353115;44.20782;2961934;
Dominican Republic;Santo Domingo;18.49;-69.90;2945353;
Cameroon;Douala;4.05;9.70;2943318;
Ukraine;Kyiv (Kiev);50.445368;30.518634;2941884;
Guatemala;Ciudad de Guatemala (Guatemala City);14.612652;-90.530746;2918337;
Venezuela (Bolivarian Republic of);Caracas;10.48801;-66.87919;2916183;
South Africa;Durban;-29.8579;31.0292;2900927;
Portugal;Lisboa (Lisbon);38.71686;-9.139867;2884297;
China;Guiyang;26.58;106.72;2870895;
Dem. People's Republic of Korea;P'yongyang;39.03;125.75;2862921;
Indonesia;Surabaya;-7.288838;112.741078;2853237;
United States of America;Minneapolis-St. Paul;44.97307;-93.269895;2791224;
Kuwait;Al Kuwayt (Kuwait City);29.353429;47.982244;2778724;
China;Tangshan, Hebei;39.63;118.18;2743252;
Burkina Faso;Ouagadougou;12.36;-1.54;2741128;
China;Lanzhou;36.06;103.79;2723114;
Ecuador;Guayaquil;-2.17;-79.90;2709329;
Republic of Korea;Incheon;37.45361;126.73167;2685238;
India;Nagpur;21.15;79.1;2675072;
China;Taipei;25.05;121.55;2665656;
United States of America;Tampa-St. Petersburg;27.94752;-82.45843;2659134;
Colombia;Cali;3.44;-76.52;2645941;
United Kingdom;Manchester;53.48095;-2.23743;2645598;
Madagascar;Antananarivo;-18.91368;47.53613;2609744;
United States of America;Denver-Aurora;39.734283;-104.983138;2599351;
Ghana;Kumasi;6.68848;-1.62443;2598789;
Algeria;El Djaza?r  (Algiers);36.75;3.04;2594112;
China;Changzhou, Jiangsu;31.79;119.96;2584418;
Japan;Sapporo;43.06417;141.34694;2571497;
Syrian Arab Republic;Dimashq (Damascus);33.508586;36.308444;2565670;
India;Coimbatore;10.9925;76.96139;2548564;
Indonesia;Bandung;-6.919393;107.608456;2543742;
China;Nanchang;28.68;115.88;2526814;
Mali;Bamako;12.65;-8;2515000;
United Kingdom;Birmingham (West Midlands);52.4814;-1.8998;2514596;
Pakistan;Rawalpindi;33.6;73.0666667;2505889;
Canada;Vancouver;49.25;-123.12;2485173;
India;Kozhikode (Calicut);11.25669;75.778724;2476192;
Puerto Rico;San Juan;18.46633;-66.10572;2463243;
India;Indore;22.71792;75.8333;2440756;
Nigeria;Abuja;9.05735;7.48976;2440242;
Haiti;Port-au-Prince;18.53917;-72.335;2439775;
China;Zibo;36.79;118.06;2430356;
India;Kochi (Cochin);9.930693;76.260069;2416003;
United Arab Emirates;Dubayy (Dubai);25.272061;55.311265;2414591;
Azerbaijan;Baku;40.38;49.89;2373633;
Paraguay;Asunción;-25.30066;-57.63591;2356174;
Nigeria;Port Harcourt;4.77742;7.0134;2343309;
India;Thrissur;10.51667;76.21667;2329122;
China;Huizhou;23.08;114.40;2312397;
Brazil;Goi?nia;-16.68;-49.25;2284828;
Ghana;Accra;5.55602;-0.1969;2277298;
United States of America;Las Vegas;36.169941;-115.13983;2270187;
United States of America;Baltimore;39.29038;-76.61219;2266981;
Uzbekistan;Tashkent;41.26465;69.21627;2251156;
Republic of Korea;Daegu;35.87028;128.59111;2244086;
Lebanon;Bayrut (Beirut);33.9;35.48333;2226478;
India;Malappuram;11.06667;76.06667;2215874;
India;Patna;25.6;85.11667;2209547;
Indonesia;Medan;3.58333;98.66667;2204005;
Australia;Brisbane;-27.47;153.03;2201930;
Italy;Napoli (Naples);40.850178;14.259213;2201789;
Venezuela (Bolivarian Republic of);Maracaibo;10.63167;-71.64056;2196435;
China;Weifang;36.71;119.10;2194524;
United States of America;Riverside-San Bernardino;33.95335;-117.39616;2194298;
United States of America;St. Louis;38.628612;-90.197197;2183942;
Brazil;Belém;-1.46;-48.48;2181607;
Zambia;Lusaka;-15.413374;28.277148;2179470;
Japan;Hiroshima;34.392823;132.460534;2173249;
Mexico;Toluca de Lerdo;19.283896;-99.657254;2164006;
India;Kannur;11.872888;75.371554;2152671;
Somalia;Muqdisho (Mogadishu);2.041636;45.343492;2137839;
Cuba;La Habana (Havana);23.12;-82.38;2137097;
Pakistan;Gujranwala;32.15;74.1833333;2122254;
China;Yantai;37.47;121.44;2114415;
Bolivia (Plurinational State of);Santa Cruz;-17.80;-63.17;2106682;
India;Bhopal;23.26667;77.4;2101610;
Japan;Sendai;38.256047;140.897639;2090856;
China;Shaoxing;30.01;120.57;2075769;
South Africa;Pretoria;-25.74486;28.18783;2058789;
Belgium;Bruxelles-Brussel;50.85;4.35;2044993;
United States of America;San Antonio;29.424113;-98.493536;2029842;
Brazil;Manaus;-3.10;-60.03;2025379;
Democratic Republic of the Congo;Lubumbashi;-11.66;27.48;2015091;
China;Luoyang;34.62;112.46;2014999;
Democratic Republic of the Congo;Mbuji-Mayi;-6.15;23.60;2006641;
United States of America;Portland;45.521525;-122.679933;2000852;
China;Huai'an;33.61;119.01;2000195;
Tunisia;Tunis;36.81897;10.16579;1993487;
Colombia;Barranquilla;10.96;-74.80;1991158;
Mexico;Tijuana;32.53333;-117.01667;1986787;
China;Nantong;31.99;120.87;1978255;
India;Vadodara;22.3;73.2;1975092;
Morocco;Rabat;34.01325;-6.83255;1966802;
India;Agra;27.18333;78.01667;1966249;
India;Thiruvananthapuram;8.50694;76.95694;1964590;
China;Baotou;40.65;109.82;1957044;
Guinea;Conakry;9.571642;-13.647602;1936045;
Uganda;Kampala;0.31628;32.58219;1935654;
India;Visakhapatnam;17.681874;83.209685;1935252;
Turkey;Bursa;40.19167;29.06111;1922517;
Pakistan;Multan;30.1833333;71.4833333;1920776;
United States of America;Sacramento;38.58157;-121.4944;1920353;
China;Xuzhou;34.26;117.19;1917791;
Belarus;Minsk;53.90;27.57;1915396;
United Kingdom;West Yorkshire;53.798431;-1.764855;1912493;
China;Haikou;20.03;110.33;1903037;
Congo;Brazzaville;-4.27;15.28;1887625;
Iran (Islamic Republic of);Esfahan;32.65722;51.67761;1879806;
Romania;Bucuresti (Bucharest);44.432787;26.104302;1867724;
Australia;Perth;-31.95;115.85;1861108;
Germany;Hamburg;53.55;10;1830673;
Turkey;Adana;37.00167;35.32889;1829555;
Bolivia (Plurinational State of);La Paz;-16.50;-68.15;1816453;
Thailand;Samut Prakan;13.59934;100.59675;1814046;
Iran (Islamic Republic of);Karaj;35.8355;51.0103;1807058;
Mexico;León de los Aldamas;21.123373;-101.680486;1806862;
China;Hohhot;40.81;111.65;1784685;
India;Nashik;19.98333;73.8;1779212;
United States of America;Cleveland;41.498587;-81.687402;1772872;
Pakistan;Hyderabad;25.3666667;68.3666667;1772143;
Saudi Arabia;Makkah (Mecca);21.417368;39.815855;1770600;
China;Yangzhou;32.39;119.42;1765449;
Italy;Torino (Turin);45.068672;7.677218;1764868;
India;Vijayawada;16.51667;80.61667;1759772;
Austria;Wien (Vienna);48.21;16.37;1752845;
Pakistan;Peshawar;34.00195;71.55944;1736192;
Venezuela (Bolivarian Republic of);Valencia;10.16202;-68.00765;1733641;
Cambodia;Phnum Pénh (Phnom Penh);11.56;104.92;1731286;
United States of America;Orlando;28.53834;-81.37924;1730587;
United States of America;San Jose;37.33939;-121.89496;1729674;
Ecuador;Quito;-0.23;-78.52;1726075;
Poland;Warszawa (Warsaw);52.22977;21.01178;1722310;
United States of America;Pittsburgh;40.441823;-79.98823;1719343;
India;Ludhiana;30.9;75.85;1715979;
Hungary;Budapest;47.49801;19.03991;1713903;
Uruguay;Montevideo;-34.83346;-56.16735;1706831;
China;Linyi, Shandong;35.05;118.33;1706000;
Iraq;Al-Mawsil (Mosul);36.335;43.1188889;1694284;
United States of America;Cincinnati;39.104722;-84.518783;1687514;
United States of America;Austin;30.27;-97.74;1684433;
Panama;Ciudad de Panam? (Panama City);8.995816;-79.519572;1672810;
Iran (Islamic Republic of);Shiraz;29.6036;52.5388;1660545;
China;Taizhou, Zhejiang;28.64;121.42;1648025;
United States of America;Indianapolis;39.790942;-86.147685;1645658;
Syrian Arab Republic;Hims (Homs);34.731809;36.718125;1641298;
Brazil;Grande Vitória;-20.31;-40.31;1636141;
China;Handan;36.60;114.47;1634008;
Indonesia;Semarang;-6.9932;110.4203;1629599;
Philippines;Davao City;7.073854;125.612487;1629547;
China;Daqing;46.58;125.00;1621439;
China;Liuzhou;24.30;109.38;1619165;
United States of America;Charlotte;35.22709;-80.84313;1615570;
France;Lyon;45.74846;4.84671;1608712;
France;Marseille-Aix-en-Provence;43.528414;5.443298;1605046;
United States of America;Kansas City;39.11417;-94.62746;1604389;
India;Rajkot;22.3;70.78333;1599232;
China;Yinchuan;38.47;106.27;1596395;
India;Madurai;9.93333;78.11667;1593148;
China;Jiangmen;22.58;113.08;1572383;
Iran (Islamic Republic of);Tabriz;38.08;46.2919;1571582;
Republic of Korea;Daejon;36.32139;127.41972;1563706;
China;Anshan;41.12;122.99;1559151;
India;Meerut;28.97155;77.71934;1550350;
China;Zhuhai;22.28;113.57;1541900;
India;Varanasi (Benares);25.316426;82.982198;1541367;
Brazil;Baixada Santista;-23.96;-46.33;1538531;
Republic of Korea;Gwangju;35.146111;126.918611;1536409;
China;Xiangyang;32.01;112.14;1533332;
China;Datong;40.08;113.29;1531736;
Turkey;Gaziantep;37.05944;37.3825;1528366;
China;Kaohsiung;22.63;120.32;1522779;
Kazakhstan;Almaty;43.247189;76.910127;1522637;
China;Jilin;43.85;126.56;1520496;
Argentina;Córdoba;-31.41;-64.18;1510913;
United States of America;Columbus, Ohio;39.962205;-83.000186;1505041;
Zimbabwe;Harare;-17.82935;31.05389;1501363;
Russian Federation;Novosibirsk;55.0415;82.9346;1497164;
Nigeria;Benin City;6.33504;5.62749;1495763;
Indonesia;Makassar (Ujung Pandang);-5.144396;119.423639;1488630;
Sweden;Stockholm;59.33258;18.0649;1485680;
United States of America;Virginia Beach;36.834498;-76.087179;1459945;
Indonesia;Palembang;-2.91673;104.7458;1455256;
China;Qiqihaer;47.34;123.97;1451529;
India;Jamshedpur;22.8;86.18333;1451265;
Ukraine;Kharkiv;49.98081;36.25272;1440839;
Germany;München (Munich);48.137076;11.573377;1437900;
China;Putian;25.44;119.01;1437548;
Brazil;Grande S?o Lu?s;-2.54;-44.28;1436781;
China;Yancheng, Jiangsu;33.36;120.16;1435817;
India;Srinagar;34.083658;74.797363;1428526;
China;Wuhu, Anhui;31.33;118.38;1424491;
India;Kollam;8.88056;76.59167;1409717;
United States of America;Milwaukee;43.0389;-87.90647;1409316;
China;Quanzhou;24.90;118.60;1395334;
Indonesia;Batam;1.119078;104.031275;1390546;
Mexico;Ciudad Ju?rez;31.73333;-106.48333;1390387;
China;Jining, Shandong;35.41;116.58;1384942;
Argentina;Rosario;-32.95;-60.64;1380918;
Russian Federation;Yekaterinburg;56.8575;60.6125;1379038;
Mongolia;Ulaanbaatar;47.90771;106.88324;1377308;
India;Raipur;21.23333;81.63333;1373898;
Pakistan;Islamabad;33.70351;73.059373;1364531;
New Zealand;Auckland;-36.86667;174.76667;1344304;
India;Aurangabad;19.876619;75.34331;1344253;
Canada;Calgary;51.04;-114.06;1337106;
India;Jabalpur;23.16697;79.95006;1336565;
China;Chaozhou;23.67;116.64;1332938;
Mexico;Torreón;25.539231;-103.461434;1332257;
China;Huainan;32.63;117.00;1327431;
Canada;Ottawa-Gatineau;45.42;-75.70;1325846;
China;Xining;36.62;101.77;1322966;
Czech Republic;Praha (Prague);50.09;14.42;1313557;
India;Asansol;23.68333;86.98333;1313452;
China;Cixi;30.18;121.25;1303030;
China;Hengyang;26.88;112.63;1301250;
Portugal;Porto;41.14961;-8.61099;1299437;
China;Fushun, Liaoning;41.88;123.95;1298344;
India;Allahabad;25.45;81.85;1294851;
India;Jodhpur;26.239232;73.015787;1284142;
Saudi Arabia;Al-Madinah (Medina);24.463501;39.611106;1280248;
United Arab Emirates;Sharjah;25.35731;55.4033;1279360;
Canada;Edmonton;53.54;-113.50;1272069;
Angola;Huambo;-12.78;15.74;1269211;
Denmark;K¸benhavn (Copenhagen);55.68;12.57;1268052;
Mexico;Querétaro;20.6;-100.38333;1266956;
Brazil;Maceió;-9.67;-35.74;1266029;
India;Amritsar;31.630953;74.875536;1264932;
Liberia;Monrovia;6.30054;-10.7969;1263800;
China;Yichang;30.71;111.28;1263722;
India;Ranchi;23.35;85.33333;1262011;
Chad;N'Djaména;12.11;15.04;1260146;
Rwanda;Kigali;-1.947364;30.057897;1256994;
Australia;Adelaide;-34.93;138.60;1255516;
India;Dhanbad;23.8;86.45;1254832;
Switzerland;Zürich (Zurich);47.35785;8.50296;1246199;
Bolivia (Plurinational State of);Cochabamba;-17.39;-66.16;1240363;
Syrian Arab Republic;Hamah;35.13179;36.75783;1236537;
India;Tiruppur;11.11541;77.35456;1230309;
Bulgaria;Sofia;42.70;23.32;1226155;
China;Taichung;24.14;120.67;1224935;
United Kingdom;Glasgow;55.86515;-4.25763;1222955;
India;Gwalior;26.22361;78.17917;1220768;
China;Taian, Shandong;36.19;117.12;1219580;
Brazil;Joinville;-26.30;-48.85;1218709;
Iran (Islamic Republic of);Ahvaz;31.3203;48.6693;1215782;
Colombia;Bucaramanga;7.13;-73.12;1215066;
Russian Federation;Nizhniy Novgorod;56.32867;44.00205;1211716;
Iran (Islamic Republic of);Qom;34.6401;50.8764;1204115;
United States of America;Providence;41.824037;-71.417702;1196451;
Turkey;Konya;37.87135;32.48464;1194383;
Mozambique;Maputo;-25.96528;32.58917;1187214;
China;Taizhou, Jiangsu;32.49;119.90;1183925;
Nepal;Kathmandu;27.70169;85.3206;1182598;
Serbia;Beograd (Belgrade);44.817649;20.463309;1181810;
Brazil;Florianópolis;-27.60;-48.55;1180322;
Finland;Helsinki;60.169246;24.940216;1179916;
South Africa;Port Elizabeth;-33.91799;25.57007;1178729;
Viet Nam;Can Tho;10.03333;105.78333;1174693;
Morocco;F?s;34.03715;-4.9998;1172112;
United States of America;Jacksonville, Florida;30.33218;-81.65565;1171962;
Costa Rica;San José;9.93;-84.08;1170188;
Ireland;Dublin;53.33306;-6.24889;1169371;
Democratic Republic of the Congo;Kananga;-5.90;22.42;1168687;
Myanmar;Mandalay;21.97473;96.08359;1166906;
Brazil;Natal;-5.80;-35.21;1166515;
Venezuela (Bolivarian Republic of);Maracay;10.24694;-67.59583;1165922;
Iraq;Irbil (Erbil);36.19257;44.01062;1165714;
Russian Federation;Samara;53.20006;50.15;1164357;
India;Kota;25.16645;75.856095;1163011;
Russian Federation;Kazan;55.78874;49.12214;1162259;
Russian Federation;Omsk;55;73.4;1161893;
Russian Federation;Chelyabinsk;55.15444;61.42972;1157336;
South Africa;Vereeniging;-26.67313;27.92615;1155140;
Jordan;Amman;31.95522;35.94503;1154670;
China;Zhanjiang;21.27;110.36;1149050;
Georgia;Tbilisi;41.69411;44.83368;1147486;
Mexico;San Luis Potos?;22.15;-100.98333;1147410;
United Arab Emirates;Abu Zaby (Abu Dhabi);24.464778;54.361781;1144933;
China;Anyang;36.09;114.35;1140285;
United States of America;Raleigh;35.778897;-78.637471;1139770;
India;Chandigarh;30.7343;76.7933;1134471;
Morocco;Marrakech;31.63148;-8.00828;1133609;
India;Durg-Bhilainagar;21.188706;81.280592;1129433;
Libya;Tarabulus (Tripoli);32.87519;13.18746;1126145;
Honduras;Tegucigalpa;14.0818;-87.20681;1122523;
Indonesia;Pekan Baru;0.53333;101.45;1120893;
India;Bareilly;28.35;79.41667;1110800;
Nigeria;Onitsha;6.14543;6.78845;1109287;
China;Qinhuangdao;39.93;119.59;1109249;
Pakistan;Quetta;30.199;67.00971;1108749;
Indonesia;Denpasar;-8.65;115.21667;1106593;
United States of America;Memphis;35.140814;-90.047458;1106083;
India;Tiruchirappalli;10.805;78.68556;1105990;
China;Baoding;38.85;115.49;1105986;
United States of America;Nashville-Davidson;36.160996;-86.783045;1105476;
Kenya;Mombasa;-4.05466;39.66359;1103703;
China;Lianyungang;34.60;119.18;1099332;
Republic of Korea;Suweon;37.26349;127.021385;1098841;
El Salvador;San Salvador;13.68935;-89.18718;1098494;
Israel;Hefa (Haifa);32.813261;34.991355;1096669;
Russian Federation;Rostov-na-Donu (Rostov-on-Don);47.217791;39.703185;1096597;
United States of America;Salt Lake City;40.7547;-111.892622;1095726;
Brazil;Jo?o Pessoa;-7.12;-34.86;1093168;
Colombia;Cartagena;10.40;-75.51;1092336;
Netherlands;Amsterdam;52.37403;4.88969;1090772;
Niger;Niamey;13.51366;2.1098;1089589;
China;Zhuzhou;27.83;113.15;1083065;
India;Mysore;12.29791;76.63925;1082304;
China;Yiwu;29.32;120.08;1080473;
Indonesia;Bogor;-6.606481;106.801891;1075563;
Viet Nam;Hai Ph?ng;20.86481;106.68345;1075499;
Turkey;Antalya;36.90812;30.69556;1072386;
China;Benxi;41.29;123.77;1070300;
Russian Federation;Ufa;54.78517;56.04562;1070272;
Mexico;Mérida;20.96667;-89.61667;1067710;
China;Mianyang, Sichuan;31.48;104.74;1064818;
Saudi Arabia;Ad-Dammam;26.43442;50.10326;1064418;
China;Rizhao;35.40;119.51;1062340;
China;Zhenjiang, Jiangsu;32.20;119.45;1049853;
China;Suqian;33.97;118.29;1049812;
China;Nanchong;30.80;106.08;1049782;
Nigeria;Kaduna;10.52224;7.43828;1047815;
Republic of Korea;Yongin;37.235245;127.203292;1047815;
Armenia;Yerevan;40.18;44.51;1044443;
India;Guwahati (Gauhati);26.173547;91.750291;1042044;
China;Guilin;25.28;110.29;1039864;
Democratic Republic of the Congo;Kisangani;0.52;25.20;1039612;
Republic of Korea;Changwon;35.22806;128.68111;1038755;
Venezuela (Bolivarian Republic of);Barquisimeto;10.07389;-69.32278;1038556;
India;Aligarh;27.88333;78.08333;1037402;
Germany;Köln (Cologne);50.93333;6.95;1036771;
China;Jinzhou;41.11;121.14;1034924;
Mexico;Mexicali;32.65194;-115.46833;1034138;
United States of America;Louisville;38.24194;-85.763064;1031932;
Mexico;Aguascalientes;21.88333;-102.3;1031465;
Myanmar;Nay Pyi Taw;19.745;96.12972;1029712;
United States of America;Richmond;37.543207;-77.438159;1029581;
China;Zaozhuang;34.86;117.55;1028183;
France;Lille;50.63297;3.05858;1027178;
China;Yingkou;40.66;122.23;1025941;
India;Moradabad;28.83333;78.78333;1022989;
Russian Federation;Volgograd;48.71939;44.50184;1022487;
Bangladesh;Khulna;22.81;89.56;1021903;
India;Hubli-Dharwad;15.458722;75.010582;1019789;
Iraq;Al-Basrah (Basra);30.49721;47.81491;1019109;
China;Chifeng;42.26;118.92;1018266;
China;Nanyang, Henan;33.00;112.53;1011389;
Ukraine;Odesa;46.47747;30.73262;1010475;
China;Xiangtan, Hunan;27.83;112.93;1009562;
Argentina;Mendoza;-32.89;-68.83;1009400;
Russian Federation;Krasnoyarsk;56.00972;92.79167;1008374;
Sierra Leone;Freetown;8.484;-13.22994;1007140;
China;Puning;23.30;116.16;1004867;
Iraq;Sulaimaniya;35.5616667;45.4408333;1003782;
India;Salem;11.65;78.16667;1002680;
China;Baoji;34.37;107.20;1000502;
India;Bhubaneswar;20.23333;85.83333;999369;
Lao People's Democratic Republic;Vientiane;17.96667;102.6;996566;
China;Pingdingshan, Henan;33.74;113.30;995333;
Belgium;Antwerpen;51.22;4.40;993511;
Netherlands;Rotterdam;51.9225;4.47917;993336;
Mexico;Cuernavaca;18.91667;-99.25;993161;
China;Xinxiang;35.30;113.90;990826;
Norway;Oslo;59.91273;10.74609;986093;
India;Solapur;17.68333;75.91667;985568;
China;Zhangjiakou;40.81;114.88;983441;
Russian Federation;Perm;58.01741;56.28552;982219;
Morocco;Tanger;35.784722;-5.812778;981753;
China;Huaibei;33.95;116.79;980720;
China;Ruian;27.78;120.68;973064;
China;Jiaxing;30.77;120.75;970230;
China;Jinhua;29.08;119.65;970089;
Congo;Pointe-Noire;-4.78;11.86;968526;
Republic of Korea;Seongnam;37.43861;127.13778;968337;
Mauritania;Nouakchott;18.08581;-15.9785;967540;
China;Dongying;37.45;118.58;967272;
France;Nice-Cannes;43.6646;7.15339;966529;
Indonesia;Bandar Lampung;-5.4254;105.258;965241;
China;Jingzhou, Hubei;30.33;112.25;963971;
United States of America;Hartford;41.7637111;-72.6850932;962996;
China;Yueyang;29.37;113.12;961629;
Brazil;Teresina;-5.09;-42.80;958884;
China;Tengzhou;35.08;117.16;956863;
Ukraine;Dnipropetrovsk;48.45;34.98333;956654;
Togo;Lomé;6.13748;1.21227;956332;
Nicaragua;Managua;12.13282;-86.2504;956233;
India;Jalandhar;31.3255556;75.5791667;954435;
Viet Nam;Da Nang;16.051264;108.212426;952141;
Philippines;Cebu City;10.31672;123.89071;950559;
Nigeria;Aba;5.10658;7.36667;944045;
Republic of Korea;Goyang;37.65639;126.835;942437;
Mexico;Chihuahua;28.63333;-106.08333;940639;
United States of America;Bridgeport-Stamford;41.16704;-73.20483;939307;
France;Toulouse;43.60426;1.44367;937827;
Mozambique;Matola;-25.96222;32.45889;937176;
Philippines;Zamboanga City;6.910333;122.075045;935769;
Ukraine;Donetsk;48.023;37.80224;934147;
Mexico;Saltillo;25.41667;-101;932446;
Turkey;Diyarbakir;37.91583;40.21889;926275;
United States of America;Oklahoma City;35.4675;-97.516389;925506;
China;Suzhou, Anhui;33.64;116.97;923274;
United States of America;New Orleans;29.95465;-90.07507;921270;
Mexico;Tampico;22.21667;-97.85;920213;
Mexico;Morelia;19.70078;-101.18443;914484;
Pakistan;Bahawalpur;29.4;71.68333;913008;
United States of America;Buffalo;42.887934;-78.871593;912955;
United States of America;Tucson;32.214476;-110.918192;912778;
Malaysia;Johor Bahru;1.4655;103.7578;911562;
Russian Federation;Voronezh;51.67204;39.1843;911225;
Argentina;San Miguel de Tucum?n;-26.82;-65.22;910069;
China;Jieyang;23.55;116.37;908570;
Chile;Valpara?so;-33.04;-71.63;906967;
Malawi;Lilongwe;-13.96692;33.78725;905433;
Turkey;Kayseri;38.73222;35.48528;904245;
Republic of Korea;Ulsan;35.53722;129.31667;904239;
Indonesia;Padang;-0.94924;100.35427;903224;
Mexico;Acapulco de Ju?rez;16.86336;-99.8901;900334;
Iran (Islamic Republic of);Kermanshah;34.31417;47.065;896144;
China;Fuyang;32.89;115.82;892588;
France;Bordeaux;44.84044;-0.5805;890760;
China;Jixi, Heilongjiang;45.30;130.97;889816;
Iraq;Najaf;31.997314;44.331352;888930;
United Kingdom;Southampton/Portsmouth (South Hampshire);50.911698;-1.40357;882065;
Yemen;Adan (Aden);12.798803;45.035902;881540;
Mexico;Veracruz;19.2;-96.13333;879634;
China;Liuan;31.75;116.50;879069;
United States of America;El Paso;31.7775757;-106.4424559;876991;
China;Wenling;28.38;121.38;874592;
Republic of Korea;Bucheon;37.49889;126.78306;871567;
United Kingdom;Liverpool;53.41058;-2.97794;870260;
China;Yueqing;28.12;120.96;870094;
Kyrgyzstan;Bishkek;42.87;74.59;865193;
Indonesia;Samarinda;-0.5;117.15;865034;
United States of America;McAllen;26.216263;-98.236385;863945;
China;Ma'anshan;31.71;118.50;858274;
Algeria;Wahran (Oran);35.69;-0.64;858272;
Nigeria;Ilorin;8.5;4.55;856914;
Indonesia;Malang;-7.9797;112.6304;856090;
China;Huzhou;30.87;120.09;854029;
Turkey;Mersin;36.8;34.633333;853652;
India;Warangal;18;79.58333;853639;
Italy;Palermo;38.11582;13.35976;853369;
Mexico;Reynosa;26.08333;-98.28333;852658;
Honduras;San Pedro Sula;15.5;-88.03333;852261;
Colombia;C?cuta;7.89;-72.51;851312;
China;Mudanjiang;44.58;129.60;850834;
Peru;Arequipa;-16.39889;-71.535;850275;
India;Saharanpur;29.96667;77.55;848650;
United States of America;Honolulu;21.30895;-157.826182;847986;
Nigeria;Uyo;5.05127;7.9335;847483;
Argentina;La Plata;-34.92;-57.95;846133;
China;Weihai;37.50;122.11;845156;
Mexico;Canc?n;21.17429;-86.84656;844705;
Mexico;Villahermosa;17.98333;-92.91667;844693;
Bangladesh;Rajshahi;24.37;88.60;844150;
China;Bengbu;32.94;117.36;841924;
Brazil;Campo Grande;-20.46;-54.62;840612;
Italy;Bergamo;45.69798;9.66895;839584;
Israel;Jerusalem;31.76904;35.21633;839077;
Oman;Masqat (Muscat);23.61387;58.5922;838019;
United Republic of Tanzania;Mwanza;-2.51667;32.9;837860;
Viet Nam;Bien Hoa;10.95;106.81667;834290;
Democratic Republic of the Congo;Bukavu;-2.51;28.86;832238;
India;Siliguri;26.71611;88.42361;831913;
China;Shiyan;32.64;110.78;830719;
United States of America;Albuquerque;35.110703;-106.609991;826787;
Brazil;Aracaju;-10.91;-37.07;825267;
Tajikistan;Dushanbe;38.53575;68.77905;822331;
China;Dandong;40.12;124.37;820947;
China;Liuyang;28.15;113.63;818578;
Chile;Concepción;-36.83;-73.05;816220;
China;Tainan;23.13;120.26;814971;
Russian Federation;Saratov;51.54056;46.00861;814562;
India;Dehradun;30.31667;78.03333;812280;
China;Leshan;29.58;103.76;811591;
China;Pizhou;34.31;117.95;810900;
China;Pingxiang, Jiangxi;27.63;113.85;810120;
Nigeria;Jos;9.91667;8.9;810090;
Spain;Valencia;39.46975;-0.37739;810044;
China;Liupanshui;26.59;104.84;809436;
Malawi;Blantyre-Limbe;-15.78499;35.00854;808045;
Russian Federation;Krasnodar;45.0488;38.9725;807578;
Canada;Québec;46.81;-71.21;805113;
China;Kaifeng;34.79;114.35;804351;
Mexico;Hermosillo;29.084507;-110.967187;804073;
Eritrea;Asmara;15.33333;38.93333;803791;
China;Zunyi;27.71;106.94;802723;
China;Ganzhou;25.85;114.93;801667;
Brazil;Londrina;-23.31;-51.16;797953;
Peru;Trujillo;-8.11599;-79.02998;797799;
United States of America;Birmingham;33.515744;-86.801056;796463;
Central African Republic;Bangui;4.36;18.55;794022;
India;Bhiwandi;19.3;73.06667;792708;
Argentina;Santa Fe;-31.63;-60.70;791698;
United Kingdom;Newcastle upon Tyne;54.97328;-1.61396;790653;
China;Fuxin;42.02;121.66;789748;
China;Liaoyang;41.27;123.17;788880;
Indonesia;Tasikmalaya;-7.327905;108.216618;786810;
China;Xintai;35.90;117.75;785120;
Italy;Bologna;44.49381;11.33875;784170;
Syrian Arab Republic;Lattakia;35.51484;35.77684;780933;
United States of America;Omaha;41.25861111;-95.93777778;780190;
Mexico;Tuxtla Gutierrez;16.75;-93.11667;779512;
China;Luzhou;28.88;105.44;778005;
Republic of Korea;Ansan;37.32361;126.82194;775810;
South Africa;Soshanguve;-25.47288;28.09919;774590;
China;Laiwu;36.21;117.67;773419;
China;Luohe;33.57;114.02;772468;
Nigeria;Nnewi;6.01986;6.91478;769502;
Mexico;Culiac?n;24.79944;-107.38972;761574;
C?te d'Ivoire;Bouake;7.69;-5.03;761547;
China;Guigang;23.10;109.61;760624;
Somalia;Hargeysa;9.56;44.065;759587;
Poland;Kraków (Cracow);50.066777;19.942468;759557;
Canada;Winnipeg;49.90;-97.13;759365;
Kazakhstan;Astana;51.1801;71.44598;758961;
Benin;Abomey-Calavi;6.45;2.36;756605;
India;Guntur;16.3;80.45;755760;
United Kingdom;Nottingham;52.9536;-1.15047;755012;
Ukraine;Zaporizhzhya;47.82289;35.19031;753237;
China;Huangshi;30.21;115.09;752808;
Burundi;Bujumbura;-3.38;29.36;750862;
Kazakhstan;Shimkent;42.3;69.6;746303;
Turkmenistan;Ashgabat;37.95;58.38333;745961;
Libya;Banghazi;32.11667;20.06667;745625;
Canada;Hamilton;43.25;-79.85;744000;
Saudi Arabia;Hufuf-Mubarraz;25.41;49.58083;743248;
China;Xingtai;37.06;114.49;741757;
China;Shaoguan;24.80;113.58;740723;
China;Chenzhou;25.80;113.03;740477;
China;Changzhi;36.19;113.12;738456;
Iran (Islamic Republic of);Orumiyeh;37.55274;45.07605;737446;
Malaysia;Ipoh;4.583333;101.0833;736704;
Greece;Thessaloniki;40.64028;22.94389;736628;
Syrian Arab Republic;Al-Raqqa;35.95;39.01667;736313;
Ukraine;Lvov;49.837969;24.032508;735397;
China;Yibin;28.77;104.62;733603;
United States of America;Dayton;39.758406;-84.192906;733180;
United States of America;Rochester;43.156924;-77.604633;732692;
China;Jiaozuo;35.24;113.23;731741;
China;Haicheng;40.86;122.74;731645;
India;Puducherry;11.93;79.83;730110;
Mexico;Xalapa;19.537714;-96.913656;728604;
Russian Federation;Tolyatti;53.5303;49.3461;727591;
Nigeria;Maiduguri;11.84644;13.16027;727525;
Brazil;Sorocaba;-23.50;-47.46;727116;
China;Zhangzhou;24.51;117.66;726117;
China;Changshu;31.65;120.75;726067;
Republic of Moldova;Chi?in?u;47.00556;28.8575;725432;
China;Tianmen;30.65;113.16;724043;
India;Gorakhpur;26.759877;83.371379;723061;
Burkina Faso;Bobo-Dioulasso;11.18;-4.30;721339;
Qatar;Ad-Dawhah (Doha);25.274724;51.524472;717790;
China;Zhucheng;35.99;119.40;716674;
Morocco;Mekn?s;33.89352;-5.54727;716339;
Nigeria;Owerri;5.48333;7.03041;715784;
Pakistan;Sargodha;32.0833333;72.6666667;715354;
Germany;Frankfurt am Main;50.11667;8.68333;715192;
Tunisia;Safaqis;34.748471;10.756162;714400;
Sudan;Nyala;12.05;24.88333;714149;
United States of America;Allentown-Bethlehem;40.60908;-75.475962;713978;
China;Changde;29.05;111.68;713779;
United States of America;Fresno;36.754529;-119.771119;711610;
Ghana;Sekondi Takoradi;4.934;-1.7137;710751;
United States of America;Tulsa;36.131294;-95.937332;710746;
Venezuela (Bolivarian Republic of);Barcelona-Puerto La Cruz;10.21667;-64.61667;710084;
China;Shangqiu;34.42;115.65;709893;
Iran (Islamic Republic of);Rasht;37.28077;49.58319;708700;
Gabon;Libreville;0.3925;9.45365;707225;
Sri Lanka;Colombo;6.93194;79.84778;706648;
Nigeria;Ikorodu;6.608716;3.510823;706133;
India;Bikaner;28.01667;73.3;705838;
United Kingdom;Sheffield;53.38297;-1.4659;705781;
Turkey;Eskisehir;39.77667;30.52056;704798;
China;Huludao;40.75;120.84;703947;
Poland;Ùódê;51.759433;19.459957;702965;
Nigeria;Zaria;11.11128;7.7227;702790;
China;Xinyang;32.13;114.07;701489;
Spain;Sevilla;37.38241;-5.97613;700890;
Italy;Florence;43.76667;11.25;700760;
Spain;Zaragoza;41.65606;-0.87734;700544;
China;Yangquan;37.86;113.58;699220;
China;Linfen;36.09;111.52;698523;
China;Zigong;29.34;104.78;697647;
India;Firozabad;27.15;78.41667;696185;
Venezuela (Bolivarian Republic of);Ciudad Guayana;8.35122;-62.64102;695724;
Yemen;Ta'izz;13.57952;44.02091;694672;
India;Amravati;20.93333;77.75;692947;
China;Panjin;41.12;122.07;692622;
Republic of Korea;Cheongju;36.63722;127.48972;692599;
China;Binzhou;37.38;118.01;692548;
China;Qingyuan;23.71;113.03;692533;
Italy;Genova (Genoa);44.40632;8.93386;691698;
China;Xinyu;27.80;114.93;691590;
India;Cuttack;20.46497;85.87927;691400;
United States of America;Sarasota-Bradenton;27.33643;-82.53065;690120;
Democratic Republic of the Congo;Tshikapa;-6.42;20.80;689550;
Philippines;Cagayan de Oro City;8.48222;124.64722;687949;
Iraq;Karbala;32.5983333;44.0238889;687834;
Croatia;Zagreb;45.81;15.98;686902;
China;Jiangyin;31.92;120.28;685661;
China;Chengde;40.97;117.93;682999;
Benin;Cotonou;6.37;2.42;682459;
China;Jiujiang;29.70;116.00;682276;
China;Zhuji;29.71;120.24;682270;
Indonesia;Banjarmasin;-3.32442;114.591;682120;
Ukraine;Krivoi Rog;47.91083;33.392491;681248;
Nigeria;Enugu;6.4402;7.4943;680703;
China;Xianyang, Shaanxi;34.34;108.70;679696;
China;Bazhong;31.87;106.73;678792;
China;Liaocheng;36.46;115.98;677419;
United States of America;Cape Coral;26.6396;-81.982471;677385;
Qatar;Ar-Rayyan;25.29194;51.42444;677236;
Republic of Korea;Jeonju;35.82194;127.14889;675543;
Libya;Misratah;32.37535;15.09254;671899;
China;Guiping;23.39;110.07;671666;
Bangladesh;Sylhet;24.90;91.87;671646;
India;Jammu;32.727805;74.856879;670973;
China;Xiaogan;30.93;113.92;670573;
Egypt;Bur Sa'id;31.25654;32.28412;670470;
China;Xinghua;32.94;119.84;669570;
China;Jiamusi;46.80;130.33;668684;
Mexico;Oaxaca de Ju?rez;17.05;-96.71667;667784;
India;Malegaon;20.55;74.53333;667009;
China;Panzhihua;26.59;101.71;664958;
United States of America;Baton Rouge;30.45075;-91.15455;663232;
Nigeria;Warri;5.51667;5.75;663005;
Mexico;Celaya;20.51667;-100.81667;661189;
India;Belgaum;15.85212;74.50447;660357;
Belgium;Li?ge;50.63;5.57;660055;
India;Mangalore;12.91723;74.85603;657355;
Italy;Padova;45.41519;11.88181;655466;
Indonesia;Balikpapan;-1.26753;116.82887;655425;
Brazil;Ribeir?o  Preto;-21.18;-47.81;650502;
United States of America;Concord;37.97798;-122.03107;650099;
Iraq;Kirkuk;35.4680556;44.3922222;649965;
India;Nellore;14.44625;79.9842;649717;
Netherlands;s-Gravenhage (The Hague);52.0767;4.2986;649675;
Mozambique;Nampula;-15.11646;39.2666;649633;
Nigeria;Oshogbo;7.76667;4.56667;649584;
Argentina;Mar Del Plata;-38.00;-57.56;649510;
China;Yongzhou;26.44;111.61;648820;
United Kingdom;Bristol;51.4552;-2.5966;648143;
India;Bhavnagar;21.76667;72.15;648124;
Zimbabwe;Bulawayo;-20.15;28.58333;647704;
United States of America;Knoxville;35.960749;-83.927657;646670;
United States of America;Springfield, Massachusett, Connecticut;42.10148;-72.5898;646013;
China;Tianshui;34.58;105.72;643951;
China;Yichun, Heilongjiang;47.72;128.83;643781;
China;Yichun, Jiangxi;27.81;114.39;642830;
Russian Federation;Makhachkala;42.97638;47.50236;641821;
China;Anqing;30.54;117.05;639802;
Brazil;Uberl?ndia;-18.92;-48.28;639387;
China;Taixing;32.17;120.01;638284;
China;Baishan;41.94;126.42;636747;
China;Shaoyang;27.24;111.47;636324;
China;Leiyang;26.42;112.85;635389;
China;Ezhou;30.40;114.88;634500;
China;Jimo;36.39;120.46;633583;
Saudi Arabia;Taif;21.27028;40.41583;631216;
Dem. People's Republic of Korea;Chongjin;41.80;129.78;630562;
United States of America;Columbia, South Carolina;33.999477;-81.036538;630484;
Italy;Busto Arsizio;45.61128;8.84914;630203;
China;Deyang;31.13;104.38;628815;
Italy;Venezia;45.43565;12.339589;628040;
Poland;Wrocùaw;51.1;17.03333;627940;
China;Zhaoqing;23.05;112.46;626111;
United States of America;Ogden-Layton;41.223;-111.97383;625976;
United States of America;Charleston-North Charleston;32.789295;-79.986255;625867;
Russian Federation;Tyumen;57.15222;65.52722;625705;
Germany;Stuttgart;48.78232;9.17702;625511;
State of Palestine;Gaza (incl. Ash Shati Camp);31.510618;34.458756;623913;
India;Durgapur;23.520444;87.311923;623344;
Russian Federation;Izhevsk;56.84976;53.20448;622818;
China;Langfang;39.51;116.69;621722;
Latvia;Riga;56.946;24.10589;620847;
Brazil;Jundia?;-23.19;-46.89;619669;
United States of America;Temecula-Murrieta;33.53635;-117.16305;618801;
India;Jamnagar;22.46667;70.06667;618642;
Italy;Bari;41.11773;16.85118;618245;
China;Hegang;47.34;130.29;617138;
China;Suining, Sichuan;30.52;105.56;616200;
Philippines;General Santos City;6.11278;125.17167;615559;
Russian Federation;Barnaul;53.36056;83.76361;615475;
United States of America;Colorado Springs;38.863443;-104.791914;613579;
France;Nantes;47.21725;-1.55336;613441;
United States of America;Provo-Orem;40.23384;-111.65853;613098;
United States of America;Albany;42.66;-73.78;613043;
China;Neijiang;29.58;105.06;612687;
Colombia;Ibagué;4.44;-75.23;611950;
China;Tongliao;43.61;122.27;611813;
India;Nanded Waghala;19.161775;77.313728;611119;
United States of America;Mission Viejo;33.60002;-117.672;610369;
Turkey;Gebze;40.80276;29.43068;609088;
China;Maoming;21.66;110.92;608880;
Italy;Verona;45.43419;10.99779;605550;
United Kingdom;Belfast;54.594668;-5.929812;605163;
United States of America;Bakersfield;35.357276;-119.031661;604614;
Indonesia;Jambi;-1.6;103.61667;604088;
China;Wuzhou;23.48;111.27;603678;
Indonesia;Pontianak;-0.03333;109.33333;603350;
China;Liling;27.67;113.50;603089;
Germany;Duesseldorf;51.22172;6.77616;602747;
Japan;Kumamoto;32.78972;130.74167;600958;
Russian Federation;Ulyanovsk;54.32824;48.38657;600589;
China;Danyang;32.00;119.57;598348;
Colombia;Pereira;4.81;-75.70;598019;
China;Dezhou;37.45;116.30;596436;
Mexico;Pachuca de Soto;20.11697;-98.73329;596328;
China;Yuyao;30.04;121.15;596274;
Peru;Chiclayo;-6.77361;-79.84167;596273;
Pakistan;Larkana;27.55;68.2166667;596086;
China;Linhai;28.85;121.14;595948;
Syrian Arab Republic;Tartus;34.893201;35.88844;595445;
Republic of Korea;Anyang;37.3925;126.92694;595335;
Israel;Be'er Sheva;31.25181;34.7913;594462;
India;Gulbarga;17.3333333;76.8333333;594009;
India;Bokaro Steel City;23.78732;85.95622;593455;
India;Cherthala;9.683497;76.336654;592578;
India;Kolhapur;16.69563;74.23167;591239;
China;Zhoushan;29.99;122.21;590816;
Morocco;Agadir;30.424847;-9.593695;590422;
India;Jhansi;25.43333;78.58333;590416;
China;Huaihua;27.55;109.96;590382;
Russian Federation;Vladivostok;43.10562;131.87353;590082;
India;Erode;11.3428;77.72741;589792;
Zambia;Kitwe;-12.8166667;28.2;589790;
China;Erduosi (Ordoss);39.59;109.77;589337;
Australia;Gold Coast;-28.00;153.43;588415;
China;Yanji;42.91;129.51;588297;
China;Bozhou;33.87;115.78;587730;
Italy;Seregno;45.65238;9.20034;587680;
Jamaica;Kingston;17.99702;-76.79358;587652;
India;Muzaffarnagar;29.46667;77.68333;587023;
Japan;Niigata;37.913894;139.032723;586406;
China;Jincheng;35.49;112.85;586233;
Brazil;Cuiab?;-15.60;-56.10;586070;
Sweden;Göteborg;57.703161;11.966273;585859;
Mexico;Durango;24.03333;-104.66667;585661;
United States of America;Grand Rapids;42.956393;-85.664883;585185;
India;Raurkela;22.224891;84.86175;584686;
China, Macao SAR;Macao;22.20;113.55;584420;
Egypt;As-Suways;29.968133;32.547497;583108;
Russian Federation;Irkutsk;52.29778;104.29639;582467;
Italy;Catania;37.50213;15.08719;582168;
China;Kunshan ;31.39;120.96;581871;
Saudi Arabia;Tabuk;28.38333;36.58333;580310;
Nigeria;Umuahia;5.52627;7.48959;579844;
India;Ajmer;26.45;74.63333;579258;
Pakistan;Sialkot;32.5;74.5166667;579222;
Argentina;Salta;-24.79;-65.41;579209;
United States of America;New Haven;41.3019;-72.929857;578497;
Dominican Republic;Santiago;19.46;-70.70;577246;
China;Yulin, Guangxi;22.63;110.15;577127;
Iraq;Nasiriyah;31.0333333;46.2666667;577123;
Russian Federation;Yaroslavl;57.62987;39.87368;576888;
Germany;Dortmund;51.51667;7.45;576642;
France;Toulon;43.123989;5.933225;575737;
Dem. People's Republic of Korea;Hamhung;39.92;127.54;575534;
China;Heze;35.25;115.46;575447;
China;Dongtai;32.85;120.31;574428;
China;Hanchuan;30.65;113.83;573848;
Spain;Malaga;36.72016;-4.42034;573808;
China;Gaomi;36.38;119.75;572939;
Pakistan;Sukkur;27.7;68.8666667;572576;
Russian Federation;Khabarovsk;48.48272;135.08379;572202;
Brazil;S?o José dos Campos;-23.18;-45.89;571601;
China;Zhangqiu;36.70;117.53;569315;
United Republic of Tanzania;Zanzibar;-6.16394;39.19793;569158;
China;Xiantao;30.37;113.45;568767;
Yemen;Al-Hudaydah;14.79781;42.95452;568265;
China;Kuerle;41.76;86.15;567871;
China;Dazhou;31.22;107.50;567860;
United States of America;Akron;41.08144;-81.51901;567661;
India;Kurnool;15.826681;78.035199;566963;
Germany;Essen;51.45374;7.010388;566488;
Turkey;Samsun;41.2833333;36.3333333;565158;
China;Qujing;25.49;103.80;565078;
Bangladesh;Bogra;24.85;89.37;564254;
Iran (Islamic Republic of);Hamadan;34.79922;48.51456;562889;
China;Zhumadian;32.98;114.03;560584;
Malaysia;Kuching;1.55;110.33333;559999;
Saudi Arabia;Buraydah;26.32599;43.97497;559723;
China;Quzhou;28.96;118.87;559555;
China;Wuhai;39.66;106.81;559346;
Philippines;Bacolod;10.650723;122.945983;558788;
Venezuela (Bolivarian Republic of);Maturin;9.75;-63.17667;558230;
Turkey;Denizli;37.77417;29.0875;557936;
Switzerland;Gen?ve;46.20222;6.14569;557806;
Syrian Arab Republic;Al-Hasakah;36.50237;40.74772;557704;
China;Qinzhou;21.97;108.62;557482;
China;Fuzhou, Jiangxi;27.98;116.36;557214;
Iran (Islamic Republic of);Zahedan;29.4963;60.8629;556385;
Nigeria;Akure;7.25256;5.19312;556290;
India;Ujjain;23.18333;75.76667;555782;
Turkey;Sanliurfa;37.16708;38.79392;555302;
Brazil;Feira De Santana;-12.27;-38.97;552841;
Nigeria;Sokoto;13.06092;5.23902;552352;
Colombia;Villavicencio;4.14;-73.63;552094;
Mexico;Tlaxcala;19.31389;-98.24167;551027;
Germany;Leipzig;51.33962;12.37129;550752;
India;Agartala;23.83639;91.275;550249;
India;Tirupati;13.65;79.41667;549902;
Germany;Dresden;51.05089;13.73832;549637;
Iran (Islamic Republic of);Kerman;30.28321;57.07879;549565;
Germany;Bremen;53.07516;8.80777;548980;
China;Siping;43.16;124.37;547220;
Russian Federation;Orenburg;51.7727;55.0988;545983;
Russian Federation;Tomsk;56.49417;84.97417;545577;
Poland;Poznañ;52.40692;16.92993;544616;
India;Sangali;16.85438;74.56417;544585;
Russian Federation;Novokuznetsk;53.7557;87.1099;544549;
China;Zhoukou;33.62;114.65;543671;
China;Yangjiang;21.86;111.96;542177;
Brazil;Juiz De Fora;-21.76;-43.35;541289;
China;Sanya;18.27;109.50;540522;
Mexico;Poza Rica de Hidalgo;20.53315;-97.45946;537450;
China;Qitaihe;45.77;130.98;537276;
Iran (Islamic Republic of);Ardabil;38.2498;48.2933;536435;
United Kingdom;Leicester;52.6386;-1.1317;535803;
China;Yuncheng;35.02;110.99;535318;
Russian Federation;Kemerovo;55.33333;86.08333;532887;
India;Kayamkulam;9.166577;76.504332;532776;
Germany;Hannover;52.37052;9.73322;532542;
India;Tirunelveli;8.73333;77.7;530429;
Iran (Islamic Republic of);Yazd;31.89722;54.3675;530362;
India;Mathura;27.5;77.68333;529052;
China;Taicang;31.45;121.12;528974;
China;Haimen;31.90;121.17;528955;
Djibouti;Djibouti;11.59;43.14;528627;
India;Vellore;12.93333;79.13333;528260;
Pakistan;Sheikhupura;31.7130556;73.9783333;528174;
Mexico;Matamoros;25.53333;-103.25;527929;
Russian Federation;Astrakhan;46.34968;48.04076;526782;
China;Cangzhou;38.32;116.87;526781;
Thailand;Udon Thani;17.41567;102.78589;526401;
Russian Federation;Ryazan;54.6269;39.6916;524966;
China;Dengzhou;32.68;112.08;523539;
China;Puyang;35.77;115.04;523136;
Uzbekistan;Namangan;40.9983;71.67257;521420;
China;Fuqing;25.73;119.38;521417;
China;Shishi;24.74;118.63;521225;
China;Tonghua;41.72;125.93;521219;
China;Renqiu;38.70;116.09;520693;
China;Loudi;27.73;111.99;520033;
China;Miluo;28.81;113.07;519842;
China;Zhangjiagang;31.87;120.54;519550;
China;Hsinchu;24.81;120.97;518809;
China;Hebi;35.75;114.30;518491;
Thailand;Chon Buri;13.361125;100.988319;518103;
India;Bilaspur;22.078278;82.14574;517962;
Myanmar;Bago;17.33667;96.47972;517779;
India;Imphal;24.81667;93.95;517635;
Colombia;Santa Marta;11.24;-74.20;517627;
United States of America;Worcester;42.262599;-71.802347;517572;
Germany;Nurenberg;49.450418;11.075791;517098;
India;Udaipur;24.566108;73.691075;516984;
Russian Federation;Tula;54.20213;37.64429;516984;
Lithuania;Vilnius;54.68916;25.2798;516765;
China;Xuchang;34.02;113.82;516044;
Russian Federation;Penza;53.20066;45.00464;514836;
India;Thoothukkudi (Tuticorin);8.809046;78.136911;514146;
Iran (Islamic Republic of);Arak;34.09174;49.68916;514080;
China;Bijie;27.31;105.28;513757;
Russian Federation;Naberezhnye Tchelny;55.72545;52.41122;513255;
China;Longhai;24.45;117.81;512198;
China;Jinzhong;37.69;112.73;512183;
Somalia;Merca;1.71594;44.77166;511228;
India;Rajahmundry;17.003789;81.789447;511150;
Morocco;Tétouan;35.57109;-5.37242;510942;
India;Patiala;30.32667;76.40028;510152;
China;Fuyang;30.06;119.94;509804;
Egypt;Al-Mansurah;31.04;31.38;509350;
Russian Federation;Lipetsk;52.60311;39.57076;508782;
United States of America;Toledo;41.656529;-83.549856;508767;
China;Feicheng;36.19;116.77;507840;
Switzerland;Basel;47.5584;7.57327;507764;
India;Gaya;24.78333;85;507575;
Iraq;Hillah;32.4825;44.4313889;506935;
China;Daye;30.10;114.97;506755;
China;Shouguang;36.88;118.75;506562;
India;Jalgaon;21.009222;75.564353;506058;
China;Chaoyang;41.58;120.45;505920;
China;Dongyang;29.28;120.23;504890;
China;Zengcheng;23.29;113.83;504779;
Indonesia;Surakarta;-7.55611;110.83167;504211;
France;Douai-Lens;50.368243;3.079497;503977;
Gambia;Banjul;13.453099;-16.679433;503648;
France;Grenoble;45.16667;5.71667;503406;
South Africa;Bloemfontein;-29.12106;26.214;503013;
TFYR Macedonia;Skopje;42;21.43333;502655;
Japan;Okayama;34.650668;133.913478;501995;
China;Tongchuan;34.90;108.95;500833;
United States of America;Wichita;37.688848;-97.336226;500273;
Zambia;Ndola;-12.95867;28.63659;499429;
Canada;Kitchener;43.43;-80.51;498909;
China;Tongxiang;30.63;120.55;497317;
Argentina;San Juan;-31.54;-68.54;497081;
Brazil;Vale do A?o;-19.94;-43.94;497065;
United States of America;Des Moines;41.60054;-93.60911;496779;
United Kingdom;Brighton-Worthing-Littlehampton;50.82838;-0.13947;496686;
Nigeria;Bauchi;10.31344;9.84327;496246;
Kazakhstan;Karaganda;49.801088;73.095428;495625;
China;Zaoyang;32.13;112.75;495536;
Morocco;Oujda;34.68052;-1.90764;495099;
South Africa;Pietermaritzburg;-29.61678;30.39278;494828;
United Kingdom;Edinburgh;55.9521;-3.1965;494710;
Nigeria;Abeokuta;7.15;3.35;494705;
Democratic Republic of the Congo;Likasi;-10.98;26.73;494449;
Bangladesh;Comilla;23.46;91.20;493473;
United States of America;Harrisburg;40.271709;-76.884956;492794;
China;Anqiu;36.43;119.19;492600;
Guinea-Bissau;Bissau;11.86357;-15.59767;492069;
Ukraine;Nikolaev;46.96591;31.9974;492005;
China;Shuangyashan;46.64;131.15;490504;
Japan;Kagoshima;31.570982;130.548469;490109;
China;Tongling;30.94;117.81;489803;
Canada;London;42.98;-81.23;488615;
Saudi Arabia;Jubayl;27.01122;49.65826;488376;
Egypt;Al-Mahallah al-Kubra;30.97;31.16;488254;
Republic of Korea;Cheonan;36.813188;127.140955;488003;
Myanmar;Mawlamyine;16.49051;97.62825;486561;
China;Ankang;32.69;109.03;486440;
China;Songyuan;27.62;119.06;486314;
India;Panipat;29.38889;76.96806;486087;
United States of America;Palm Bay-Melbourne;28.05902778;-80.59833333;486011;
China;Longyan;25.11;117.02;485941;
Ghana;Tamale;9.40078;-0.8393;485905;
Saudi Arabia;Khamis Mushayt;18.30639;42.72917;485594;
Democratic Republic of the Congo;Bunia;1.57;30.25;485013;
China;Heyuan;23.75;114.70;483488;
Belarus;Gomel;52.43;30.98;483093;
United Kingdom;Bournemouth/Poole;50.72048;-1.8795;482900;
Iran (Islamic Republic of);Bandar Abbas;27.1865;56.2808;482769;
China;Hezhou;24.42;111.55;482462;
Russian Federation;Kirov;58.603068;49.668173;481765;
Democratic Republic of the Congo;Kolwezi;-10.71;25.47;480600;
Netherlands;Utrecht;52.09083;5.12222;479665;
Mexico;Tepic;21.5;-104.9;479075;
India;Kakinada;16.93333;82.21667;478691;
China;Hengshui;37.74;115.68;478365;
Myanmar;Monywa;22.11667;95.13333;478083;
Malaysia;Kota Kinabalu;5.978172;116.116577;477647;
Germany;Duisburg;51.43333;6.75;475319;
Cuba;Santiago de Cuba;20.02;-75.82;475081;
Democratic Republic of the Congo;Goma;-1.68;29.22;474007;
China;Beihai;21.48;109.12;473222;
Turkey;Sakarya;40.773758;30.402377;473200;
Italy;Cagliari;39.20738;9.13462;472758;
Nigeria;Lokoja;7.80236;6.743;472750;
United States of America;Little Rock;34.742048;-92.275359;472565;
China;Jingjiang;32.01;120.26;472348;
China;Yiyang, Hunan;28.57;112.35;472039;
Mexico;Puerto Vallarta;20.62041;-105.23066;471121;
China;Pingdu;36.78;119.96;471052;
China;Jiaozhou;36.28;120.00;470972;
China;Qianjiang;30.42;112.89;470787;
China;Xinyi;34.37;118.34;470724;
Egypt;Tanta;30.787176;30.999539;470513;
India;Davangere;14.460849;75.919871;469362;
United Kingdom;Cardiff;51.48;-3.18;468264;
Mexico;Cuautla Morelos;18.8;-98.95;467806;
Brazil;Caxias Do Sul;-29.17;-51.18;467097;
Nigeria;Calabar;4.9517;8.322;466815;
United States of America;Poughkeepsie-Newburgh;41.60180556;-73.96555556;465242;
France;Rouen;49.44313;1.09932;464492;
Brazil;P?rto Velho;-8.76;-63.90;463663;
Spain;Murcia;37.98704;-1.13004;463468;
Italy;Brescia;45.52478;10.22727;463072;
China;Shuozhou;39.32;112.42;462601;
United States of America;Greenville;34.849805;-82.397334;462567;
China;Zhongxiang;31.17;112.58;462428;
Italy;Como;45.80998;9.08744;461223;
France;Strasbourg;48.58342;7.74296;460529;
Poland;Gdañsk;54.35205;18.64637;460220;
France;Avignon;43.94834;4.80892;459893;
Russian Federation;Cheboksary;56.13222;47.25194;459811;
Italy;Taranto;40.4625;17.25972;458862;
Philippines;Iloilo City;10.696639;122.562855;457150;
Chile;La Serena-Coquimbo;-29.90;-71.25;457108;
Indonesia;Mataram;-8.58333;116.11667;456800;
India;Bellary;15.15;76.93333;456788;
Turkey;Kahramanmaras;37.5847;36.9264;455205;
China;Haining;30.53;120.69;454854;
China;Sihui;23.35;112.70;453839;
Albania;Tiran? (Tirana);41.33;19.82;453509;
Honduras;Choloma;15.61444;-87.95302;453105;
China;Shizuishan;39.23;106.77;452880;
China;Taishan;22.25;112.79;452031;
Yemen;Ibb;13.96667;44.18333;451881;
Mexico;Orizaba;18.85;-97.1;451432;
Chile;Antofagasta;-23.65;-70.40;450979;
Ukraine;Mariupol;47.06667;37.5;450884;
China;Xinmi;34.54;113.39;450281;
China;Guangyuan;32.44;105.82;449702;
Brazil;Macap?;0.04;-51.07;449433;
China;Chuzhou;32.30;118.32;449419;
Jordan;Zarqa;32.068265;36.088935;449007;
United States of America;Lancaster;40.0378755;-76.3055144;448969;
Colombia;Manizales;5.07;-75.52;448951;
Morocco;Kénitra;34.26101;-6.5802;448400;
United States of America;Winston-Salem;36.102764;-80.260491;448289;
Mozambique;Beira;-19.84361;34.83889;447853;
United Arab Emirates;Al-Ain;24.19167;55.76056;447299;
Brazil;Campos dos Goytacazes;-21.77;-41.32;447129;
Philippines;Lapu-Lapu City;10.31028;123.94944;446944;
Brazil;Volta Redonda;-22.52;-44.10;446933;
United States of America;Reno;39.52963;-119.8138;446831;
China;Longkou;37.64;120.52;446622;
United States of America;Port St. Lucie;27.29393;-80.35033;445052;
Sudan;Port Sudan (Bur Sudan);19.619521;37.21238;444451;
United Republic of Tanzania;Mbeya;-8.9;33.45;444365;
China;Shangyu;30.03;120.87;444162;
United States of America;Madison;43.069698;-89.400114;444133;
Peru;Piura;-5.2;-80.63333;444129;
China;Qingzhou;36.68;118.48;443926;
United Republic of Tanzania;Arusha;-3.36667;36.68333;443871;
Iraq;Amara;31.834419;47.152446;442856;
Democratic Republic of the Congo;Uvira;-3.40;29.14;442399;
Pakistan;Rahim Yar Khan;28.415126;70.299678;442374;
China;Jinjiang;24.81;118.58;441904;
China;Yongkang;28.90;120.03;441413;
China;Chaohu;31.60;117.87;440626;
China;Zhaodong;46.07;125.99;440154;
Malaysia;Kuantan;3.8077;103.326;440040;
Nigeria;Ogbomosho;8.132406;4.243307;439483;
India;Akola;20.73333;77;438856;
India;Bhagalpur;25.25;87;438792;
Nigeria;Abakaliki;6.31625;8.11691;438680;
Pakistan;Jhang;31.267026;72.312594;438572;
India;Muzaffarpur;26.11667;85.4;438546;
China;Jingmen;31.04;112.20;438532;
China;Sanhe;39.98;117.07;436834;
Japan;Matsuyama;33.83239;132.75951;436806;
Republic of Korea;Uijeongbu;37.7415;127.0474;436786;
Belgium;Gent;51.05;3.72;435341;
Peru;Iquitos;-3.737172;-73.25275;435059;
China;Wafangdian ;39.63;121.99;434262;
China;Dali;25.59;100.22;433600;
Egypt;Asyut;27.18096;31.18368;432801;
China;Cenxi;22.92;110.99;432055;
Russian Federation;Ulan-Ude;51.82605;107.60979;431719;
Turkey;Malatya;38.35;38.316667;431342;
Russian Federation;Kaliningrad, Kaliningrad Oblast;54.714258;20.510017;431327;
China;Ziyang;30.13;104.63;430767;
China;Yanan;36.60;109.48;430164;
Republic of Korea;Siheung;37.455619;126.902408;429635;
China;Gongyi;34.76;112.97;429417;
Bangladesh;Mymensingh;24.75;90.40;429416;
Spain;Palma;39.56939;2.65024;428859;
Afghanistan;Kandahar;31.61;65.71;428849;
China;Enshi;30.29;109.48;428327;
Mexico;Irapuato;20.6784;-101.3465;427482;
Democratic Republic of the Congo;Kikwit;-5.04;18.82;427245;
Algeria;Qacentina;36.35;6.61;427085;
Indonesia;Manado;1.487;124.8455;426425;
Brazil;Petrolina;-9.40;-40.50;425684;
Mexico;Nuevo Laredo;27.47629;-99.51639;425622;
Indonesia;Ambon;-3.69543;128.1814;425228;
Russian Federation;Stavropol;45.0428;41.9734;425138;
Iraq;Baaqoobah;33.75;44.6411111;424776;
India;Latur;18.4;76.58333;424573;
Cameroon;Bamenda;5.95;10.16;424196;
Philippines;Basilan City (including City of Isabela);6.70407;121.97117;423858;
United States of America;Victorville-Hesperia-Apple Valley;34.533991;-117.295848;423710;
Australia;Canberra;-35.28;149.13;422674;
Iran (Islamic Republic of);Sanandaj;35.3144;46.9923;422618;
Malaysia;Seremban;2.7297;101.9381;422037;
Paraguay;Ciudad del Este;-25.51667;-54.61667;421692;
India;Yamunanagar;30.1;77.28333;421381;
India;Kottayam;9.58333;76.51667;420768;
Sudan;Al Obeid (Al Ubayyid);13.18416667;30.21666667;419835;
Italy;Caserta;41.08322;14.33493;419814;
Ukraine;Lugansk;48.56705;39.31706;419328;
China;Zhangye;38.93;100.45;419230;
China;Gaozhou;21.92;110.85;419039;
China;Jianyang;30.39;104.54;418873;
Italy;Latina;41.46614;12.9043;417682;
United States of America;Spokane;47.673341;-117.410271;417612;
Nigeria;Gombe;10.28969;11.16729;417107;
Iran (Islamic Republic of);Zanjan;36.6736;48.4787;416901;
United States of America;Syracuse;43.046788;-76.147496;416583;
Kazakhstan;Aktyubinsk;50.285462;57.162773;416494;
China;Suizhou;31.71;113.36;416458;
Mexico;Mazatl?n;23.240665;-106.414306;415833;
China;Laixi;36.87;120.52;415425;
United States of America;Augusta-Richmond County;33.467086;-81.990199;415382;
Russian Federation;Kursk;51.73733;36.18735;415199;
Colombia;Valledupar;10.46;-73.25;414567;
Iran (Islamic Republic of);Eslamshahr;35.562618;51.235883;414472;
Argentina;Resistencia;-27.46;-58.98;413843;
Italy;Salerno;40.67797;14.76599;413837;
Syrian Arab Republic;Deir El-Zor(Deir ez-Zor);35.332233;40.150155;413671;
France;Montpellier;43.61092;3.87723;413309;
China;Gaoyou;32.78;119.45;412598;
India;Rohtak;28.9;76.5666667;412544;
Colombia;Buenaventura;3.89;-77.07;412365;
United States of America;Lancaster-Palmdale;34.686854;-118.150931;411908;
Peru;Cusco;-13.51833;-71.97806;411688;
Bahrain;Al-Manamah (Manama);26.22;50.58;411162;
United States of America;Kissimmee;28.30468;-81.41667;410764;
China;Fengcheng;28.18;115.78;410344;
United States of America;Daytona Beach-Port Orange;29.1383165;-80.9956105;409729;
China;Meishan;30.08;103.85;409638;
Turkey;Van;38.5;43.3833333;409583;
Algeria;Blida;36.48;2.83;409220;
Thailand;Nonthaburi;13.860208;100.521782;409173;
China;Anshun;26.24;105.93;408714;
China;Changning;26.41;112.40;408415;
Bangladesh;Barisal;22.70;90.37;408041;
China;Liyang;31.42;119.48;408015;
Poland;Szczecin;53.42894;14.55302;407498;
Brazil;S?o José do Rio Preto;-20.82;-49.38;407276;
Nigeria;Okene;7.550727;6.233654;407106;
Pakistan;Mardan;34.20195;72.05254;406522;
Pakistan;Gujrat;32.5666667;74.0833333;405788;
United States of America;Denton-Lewisville;33.04669;-96.994063;405314;
Russian Federation;Bryansk;53.25209;34.37167;405120;
Iraq;Diwaniyah;31.99051;44.93063;404850;
Canada;Halifax;44.65;-63.58;404748;
China;Chuxiong;25.04;101.54;404152;
United States of America;Indio-Cathedral City-Palm Springs;33.719871;-116.231889;403936;
United States of America;Stockton;37.9577016;-121.2907796;403353;
Iran (Islamic Republic of);Qazvin;36.26877;50.0041;402421;
Nigeria;Igbidu;6.068322;8.116942;402336;
Uzbekistan;Andizhan;40.7830556;72.3438889;402299;
Nigeria;Ado-Ekiti;7.621;5.2215;402044;
United States of America;Chattanooga;35.045473;-85.267255;401271;
Slovakia;Bratislava;48.14816;17.10674;400670;
India;Bhilwara;25.35;74.63333;400455;
United States of America;The Woodlands;30.16299;-95.45577;400096;
Russian Federation;Magnitogorsk;53.41861;59.04722;399743;
India;Sagar;23.840472;78.738458;399658;
Colombia;Armenia;4.53;-75.68;399620;
China;Kelamayi;45.59;84.87;399306;
India;Shillong;25.56892;91.88313;399073;
Russian Federation;Tver;56.86049;35.87603;398724;
Argentina;Santiago Del Estero;-27.80;-64.26;397483;
United States of America;Boise City;43.619505;-116.212301;397070;
China;Shanwei;22.78;115.36;396952;
India;Roorkee;29.86666667;77.88333333;396581;
China;Tieling;42.29;123.84;396367;
China;Dafeng;33.20;120.46;396142;
India;Santipur;23.24722;88.43302;395703;
India;Anantapur;14.68333;77.6;395171;
Nigeria;Katsina;12.98943;7.60063;394812;
Jordan;Ar-Rusayfah;32.01555556;36.04277778;394553;
India;Ahmadnagar;19.08333;74.73333;394264;
China;Bayannaoer;40.75;107.41;393874;
China;Dengfeng;34.46;113.03;393422;
Russian Federation;Ivanovo;56.99719;40.97139;393420;
Canada;St. Catharines-Niagara;43.17;-79.25;393176;
Belgium;Charleroi;50.41;4.44;392863;
India;Dhule;20.9;74.78333;391559;
Japan;Utsunomiya;36.56583;139.88361;391166;
Estonia;Tallinn;59.43696;24.75353;391111;
Brazil;Maring?;-23.43;-51.94;390378;
Czech Republic;Brno;49.20;16.61;390247;
Spain;Las Palmas Gran Canaria;28.110696;-15.434283;390190;
China;Yongcheng;33.93;116.44;390067;
China;Suihua;46.64;126.98;389934;
United States of America;Fayetteville-Springdale;36.186711;-94.129539;389175;
China;Guang'an;30.46;106.64;388594;
Algeria;El Djelfa;34.67;3.26;388350;
India;Brahmapur;19.31667;84.78333;388200;
India;Korba;22.35;82.68333;388130;
Japan;Kanazawa;36.556368;136.642985;387318;
India;Kadapa;14.470955;78.824135;387041;
China;Yanshi;34.73;112.78;386647;
Brazil;Campina Grande;-7.23;-35.88;386405;
United States of America;Jackson, Mississippi;32.295719;-90.184034;385679;
China;Laizhou;37.18;119.94;385505;
Venezuela (Bolivarian Republic of);Ciudad Bolivar;8.12923;-63.54086;385473;
China;Yixing;31.36;119.78;385393;
Nigeria;Minna;9.61389;6.55694;384982;
Indonesia;Yogyakarta;-7.78278;110.36083;384590;
United States of America;Modesto;37.661479;-120.994543;384558;
China;Xinzheng;34.40;113.74;384321;
China;Yingde;24.20;113.41;384224;
China;Kaiping;22.37;112.70;384053;
China;Fuan;27.09;119.65;383798;
Argentina;Corrientes;-27.48;-58.83;383774;
China;Yuxi;24.36;102.54;383734;
Somalia;Berbera;10.43959;45.01432;383210;
China;Rongcheng;37.15;122.44;383087;
New Zealand;Wellington;-41.28664;174.77557;382943;
United States of America;Oxnard;34.1975;-119.17705;382750;
South Africa;Rustenburg;-25.66756;27.24208;382716;
United States of America;Durham;35.988644;-78.907167;382537;
India;Rampur;28.806232;79.027699;382367;
Thailand;Lampang;18.29232;99.49277;382281;
Turkey;Erzurum;39.90861;41.27694;382124;
China;Baiyin;36.55;104.18;381793;
United Kingdom;Teeside (Middlesbrough);54.57623;-1.23483;381780;
Nigeria;Gboko;7.326835;9.003405;380562;
China;Xuancheng;30.95;118.75;380170;
India;Alwar;27.56246;76.625;379640;
Venezuela (Bolivarian Republic of);Guarenas-Guatire;10.46736;-66.60663;379472;
India;English Bazar;25;88.15;379319;
United States of America;Scranton;41.410629;-75.667411;378605;
Syrian Arab Republic;Al-Kamishli;37.05215;41.23142;378264;
Canada;Oshawa;43.90;-78.85;378185;
India;Purnia;25.78333;87.46667;377810;
China;Jingdezhen;29.29;117.21;377616;
United Kingdom;Stoke-on-Trent (The Potteries);53.0042;-2.1854;377458;
Pakistan;Kasur;31.115;74.4547222;377382;
Iran (Islamic Republic of);Gorgan;36.84165;54.44361;377106;
Nigeria;Ondo;7.1;4.83333;376974;
Brazil;Piracicaba;-22.73;-47.65;376763;
India;Barddhaman;23.24056;87.86944;376698;
China;Liaoyuan;42.90;125.14;376235;
Democratic Republic of the Congo;Mbandaka;0.05;18.26;375621;
Peru;Chimbote;-9.08528;-78.57833;375492;
China;Ji'an, Jiangxi;27.12;114.98;375270;
China;Jiyuan;35.09;112.58;374696;
Philippines;Mandaue City;10.32361;123.92222;374402;
China;Keelung;25.13;121.74;374313;
Brazil;Montes Claros;-16.74;-43.86;374171;
China;Meizhou;24.30;116.12;373373;
Mexico;Minatitl?n;18.0013;-94.5581;373122;
China;Zhuanghe;39.71;122.97;373011;
Australia;Newcastle and Lake Macquarie;-32.92;151.74;372633;
Egypt;Al-Fayyum;29.31;30.84;372108;
Bolivia (Plurinational State of);Sucre;-19.03;-65.26;371933;
United States of America;Youngstown;41.096258;-80.649299;371892;
China;Changyi;36.85;119.39;371652;
South Africa;Witbank;-25.87133;29.23323;371398;
Ukraine;Vinnitsa;49.23278;28.48097;371299;
China;Laiyang;36.98;120.71;371179;
Nigeria;Oyo;7.85;3.93333;370948;
Colombia;Monteria;8.75;-75.88;370762;
Angola;Lubango;-14.92;13.49;370679;
Venezuela (Bolivarian Republic of);San Cristóbal;7.76694;-72.225;370572;
China;Shengzhou;29.59;120.82;370383;
Bangladesh;Rangpur;25.75;89.25;370280;
Niger;Zinder;13.80716;8.9881;370261;
China;Yulin, Shaanxi;38.28;109.73;369743;
United Kingdom;Coventry-Bedworth;52.4066;-1.5122;369534;
Iraq;Ramadi;33.4166667;43.3;369514;
United States of America;Bonita Springs-Naples;26.33981;-81.7787;369123;
China;Hanzhong;33.07;107.03;368689;
Mexico;Coatzacoalcos;18.15;-94.41667;368195;
Namibia;Windhoek;-22.55941;17.08323;367987;
Thailand;Nakhon Ratchasima;14.97066;102.10196;367929;
Venezuela (Bolivarian Republic of);El Tigre-San José de Guanipa;8.88724;-64.16512;367702;
China;Changge;34.22;113.77;367453;
Zimbabwe;Chitungwiza;-18.01274;31.07555;367424;
Germany;Bochum;51.48333;7.21667;367305;
France;Saint-Étienne;45.43333;4.4;367175;
Mexico;Colima;19.23333;-103.71667;367081;
Russian Federation;Belgorod;50.61074;36.58015;366562;
Somalia;Kismaayo;-0.366667;42.533333;366178;
Argentina;Neuquén-Plottier-Cipolletti;-38.95;-68.06;365588;
Turkey;Batman;37.88738;41.13221;365488;
China;Gaoan;28.43;115.37;364961;
Italy;Pescara;42.46024;14.21021;364857;
Iraq;Kut;32.5;45.8333333;364488;
China;Xinyi;22.36;110.94;363930;
Uzbekistan;Samarkand;39.6541667;66.9597222;363907;
Peru;Huancayo;-12.06667;-75.23333;363714;
Turkey;Elazig;38.67431;39.22321;363481;
India;Bijapur;16.82442;75.71537;363456;
Colombia;Pasto;1.21;-77.28;363298;
China;Chizhou;30.66;117.48;363278;
Yemen;Al-Mukalla;14.54248;49.12424;363260;
Republic of Korea;Gumi;36.119127;128.345482;363098;
Philippines;Angeles City;15.15;120.58333;362885;
Russian Federation;Vladimir;56.13655;40.39658;362272;
China;Xingning;24.15;115.73;361870;
China;Wuwei;37.93;102.63;361848;
China;Shangrao;28.46;117.95;361788;
China;Linqing;36.85;115.71;361708;
Chile;Temuco;-38.73;-72.60;361620;
India;Begusarai;25.41666667;86.13333333;361544;
Cameroon;Loum;4.72;9.74;361518;
Ecuador;Cuenca;-2.88;-78.98;360505;
China;Linzhou;36.07;113.82;360101;
China;Jurong;31.95;119.16;359737;
India;Hardwar;29.96667;78.16667;359395;
Iran (Islamic Republic of);Khorramabad;33.48778;48.35583;359391;
China;Xiangcheng;33.44;114.90;359269;
Poland;Bydgoszcz;53.1235;18.00762;359170;
Switzerland;Bern;46.94809;7.44744;358481;
Philippines;Baguio City;16.410801;120.590156;358227;
Chile;Iquique;-20.22;-70.14;358105;
Brazil;Rio Branco;-9.97;-67.81;358026;
India;Ranipet;12.93148;79.332312;357852;
Brazil;Juazeiro Do Norte;-7.21;-39.32;357651;
Venezuela (Bolivarian Republic of);Cabimas;10.38828;-71.43992;357214;
Canada;Victoria;48.43;-123.37;356552;
India;Shahjahanpur;27.88333;79.91667;356028;
France;Béthune;50.53333;2.63333;355852;
China;Weinan;34.50;109.51;355847;
Kazakhstan;Pavlodar;52.3;76.95;355825;
Colombia;Neiva;2.93;-75.28;355131;
China;Laibin;23.74;109.23;354997;
India;Junagadh;21.51667;70.46667;354471;
Viet Nam;Hue;16.46667;107.6;353916;
China;Gongzhuling;43.50;124.82;353488;
Saudi Arabia;Ha'il;27.52188;41.69073;352750;
Belarus;Vitebsk;55.19;30.20;352743;
Switzerland;Lausanne;46.516;6.63282;352642;
France;Tours;47.38333;0.68333;352551;
Italy;Treviso;45.66667;12.245;352550;
India;Hosur;12.716667;77.816667;352261;
China;Lin'an;30.24;119.72;352149;
Turkey;Sivas;39.75;37.0333333;351817;
China;Pinghu;30.70;121.01;351769;
Brazil;Bauru;-22.31;-49.06;351747;
Algeria;Annaba;36.90;7.77;351556;
China;Lishui, Zhejiang;28.46;119.92;351506;
Viet Nam;Vungtau;10.34599;107.08426;351451;
Philippines;Cotabato;7.22361;124.24639;351406;
New Zealand;Christchurch;-43.53333;172.63333;351214;
China;Hami;42.83;93.52;351036;
Belarus;Mogilev;53.91;30.34;350842;
Spain;Bilbao;43.26271;-2.92528;350835;
Russian Federation;Sochi;43.59917;39.72569;350817;
United States of America;Flint;43.027577;-83.693996;350786;
China;Xingyi, Guizhou;25.09;104.90;350455;
Saudi Arabia;Najran;17.4924;44.12766;350083;
Cameroon;Bafoussam;5.47;10.42;350054;
Pakistan;Dera Ghazikhan;30.05;70.6333333;349832;
Venezuela (Bolivarian Republic of);Lagunillas;10.13008;-71.25946;349567;
Malaysia;Sandakan;5.8402;118.1179;349263;
Russian Federation;Arkhangelsk;64.56;40.5333333;348818;
Malaysia;Kuala Terengganu;5.3302;103.1408;348708;
Mexico;Zacatecas;22.77559;-102.57218;348689;
China;Sanming;26.26;117.62;348220;
United States of America;Pensacola;30.42131;-87.21691;347984;
Australia;Sunshine Coast;-26.66;153.10;347963;
China;Pulandian;39.40;121.97;347731;
C?te d'Ivoire;San Pedro;4.73;-6.62;347358;
Iran (Islamic Republic of);Malard;35.665833;50.976667;347041;
Brazil;An?polis;-16.33;-48.95;346538;
China;Dujiangyan;31.00;103.63;346416;
Republic of Korea;Pohang;36.017205;129.360216;346282;
Spain;Alicante;38.34517;-0.48149;346237;
India;Dindigul;10.36896;77.98036;345873;
Guinea;Nzérékoré;7.75624;-8.8179;345543;
Poland;Lublin;51.25;22.56667;345504;
India;Shimoga;13.93157;75.56791;345313;
Papua New Guinea;Port Moresby;-9.44314;147.17972;345158;
India;Karimnagar;18.43333;79.15;344638;
Russian Federation;Nizhny Tagil;57.91944;59.965;344575;
China;Xianning;29.84;114.33;344475;
India;Ichalakaranji;16.7;74.46667;344112;
China;Gaocheng;38.02;114.84;344030;
Germany;Wuppertal;51.26667;7.18333;343854;
Italy;Reggio Emilia;44.69825;10.63125;343803;
China;Changji;44.01;87.30;343390;
Philippines;Iligan;8.227401;124.242586;343192;
Nigeria;Okpogho;6.440393;7.284425;342791;
Nigeria;Makurdi;7.7411;8.5121;342456;
Dem. People's Republic of Korea;Wonsan;39.15;127.44;342410;
Italy;Modena;44.64783;10.92539;341970;
Bulgaria;Varna;43.22;27.92;341706;
United Republic of Tanzania;Morogoro;-6.81667;37.66667;340755;
China;Akesu;41.17;80.26;340270;
Belarus;Grodno;53.69;23.83;339811;
Philippines;Batangas City;13.75729;121.058643;339561;
China;Wuchuan ;21.43;110.78;339386;
China;Fangchenggang;21.77;108.35;339284;
Italy;Barletta;41.31183;16.29077;338784;
China;Dashiqiao;40.64;122.50;338660;
Republic of Korea;Gwangmyeong;37.47722;126.86639;338310;
Bulgaria;Plovdiv;42.15;24.75;338041;
Kazakhstan;Semipalatinsk;50.42675;80.26669;337540;
India;Habra;22.83444;88.6275;337511;
Afghanistan;Herat;34.35;62.20;337381;
Mexico;Córdoba;18.88333;-96.93333;337159;
Mexico;Ciudad Victoria;23.73333;-99.13333;337009;
Germany;Bonn;50.73438;7.09548;336845;
Sudan;Wad Medani;14.40118;33.51989;336753;
Democratic Republic of the Congo;Matadi;-5.82;13.47;336740;
United States of America;Greensboro;36.073233;-79.791751;336610;
Egypt;Az-Zaqazig;30.5875;31.50194444;336540;
Venezuela (Bolivarian Republic of);Cumana;10.46354;-64.1775;336460;
China;Huangshan;29.71;118.32;335883;
Mexico;Monclova;26.9;-101.41667;335471;
Sudan;Kassala;15.45099;36.39998;335293;
France;Valenciennes;50.35;3.53333;335094;
Kenya;Nakuru;-0.28333;36.06667;335057;
Spain;Cordoba;37.88333;-4.76667;335024;
China;Nankang;25.67;114.76;334999;
Netherlands;Eindhoven;51.44083;5.47778;334790;
United Kingdom;Sunderland;54.9119;-1.3833;334785;
Ukraine;Sevastopol;44.58883;33.5224;334556;
Japan;Oita;33.236487;131.609909;333989;
India;Tumkur;13.34222;77.10167;333886;
United States of America;Corpus Christi;27.742857;-97.401927;333743;
United States of America;Huntsville;34.729703;-86.589848;333614;
Ukraine;Simferopol;44.95719;34.11079;333302;
Venezuela (Bolivarian Republic of);Barinas;8.62261;-70.20749;333198;
Philippines;Butuan;8.94917;125.54361;333151;
Republic of Korea;Jeju;33.50972;126.52194;332991;
China;Tongcheng;31.05;116.96;332589;
Thailand;Rayong;12.68095;101.25798;332195;
Cameroon;Mbouda;5.63;10.26;332003;
Mexico;Ciudad Obregón;27.48333;-109.93333;331801;
China;Qufu;35.60;116.99;331798;
Ukraine;Makeyevka;48.04782;37.92576;331644;
India;Chandrapur;19.95;79.3;331266;
Nigeria;Ife;7.477328;4.558853;331012;
Pakistan;Nawabshah;26.25;68.4166667;330759;
Brazil;Boa Vista;2.82;-60.67;330735;
Iran (Islamic Republic of);Qods;35.713011;51.105508;330581;
Argentina;San Salvador de Jujuy;-24.19;-65.30;330348;
China;Heshan;22.77;112.96;330233;
India;Thanjavur;10.8;79.15;330083;
India;Parbhani;19.26667;76.78333;330069;
Egypt;Al-Ismailiyah;30.60;32.27;329990;
Azerbaijan;Sumquayit;40.59;49.67;329900;
United States of America;Mobile;30.69436;-88.04305;329900;
India;Bihar Sharif;25.18333;85.51667;329692;
Nepal;Pokhara;28.233333;83.983333;329424;
United States of America;Round Lake Beach-McHenry-Grayslake;42.354045;-88.100529;329375;
France;Rennes;48.11198;-1.67429;329373;
Mexico;Tehuac?n;18.45;-97.38333;328967;
China;Lvliang;37.52;111.13;328751;
United States of America;Fayetteville;35.066663;-78.917579;328726;
Nigeria;Effon Alaiye;7.65;4.91667;328576;
Brazil;Franca;-20.54;-47.40;328498;
United Kingdom;Birkenhead;53.39337;-3.01479;327833;
India;Hisar;29.16667;75.71667;327507;
Romania;Cluj-Napoca;46.76667;23.6;327260;
Russian Federation;Chita;52.03171;113.50087;327239;
United States of America;Fort Wayne;41.078348;-85.126546;326960;
Madagascar;Toamasina;-18.16667;49.38333;326792;
China;Hejian;38.44;116.09;326696;
Russian Federation;Smolensk;54.7818;32.0401;326517;
Indonesia;Sukabumi;-6.91806;106.92667;326294;
Dem. People's Republic of Korea;Sinuiju;40.10;124.40;326215;
China;Donggang;39.88;124.15;326052;
China;Yining;43.92;81.32;325801;
India;Palakkad;10.7725;76.65139;325687;
Russian Federation;Kurgan;55.45;65.33333;325459;
Turkey;Manisa;38.61202;27.42646;325430;
Iran (Islamic Republic of);Sari;36.56332;53.06009;325393;
United Kingdom;Reading-Wokingham;51.4112;-0.8356;325353;
Argentina;Bahia Blanca;-38.72;-62.27;324950;
China;Macheng;31.18;115.03;324884;
United Kingdom;Preston;53.761025;-2.702435;324596;
Venezuela (Bolivarian Republic of);Merida;8.59524;-71.1434;324429;
Brazil;Ponta Grossa;-25.10;-50.16;324426;
China;Xingyang;34.79;113.38;324381;
India;Darbhanga;26.16667;85.9;324292;
Indonesia;Bengkulu;-3.800278;102.265278;323995;
Azerbaijan;Gäncä;40.68;46.36;323755;
Finland;Tampere;61.49911;23.78712;323750;
Pakistan;Wah;33.764072;72.745029;323742;
Philippines;Lipa City;13.941883;121.162665;323146;
United Arab Emirates;Ajman;25.41111;55.43504;323043;
India;Aizawl;23.72444;92.7175;323031;
Iraq;Faloojah;33.35581;43.78612;322781;
India;Anand;22.56667;72.93333;322430;
Malaysia;Kota Bharu;6.133333;102.25;322144;
China;Xinzhou;38.42;112.73;321417;
Germany;Bielefeld;52.03333;8.53333;321279;
Venezuela (Bolivarian Republic of);Punto Fijo;11.6956;-70.19957;321191;
South Sudan;Juba;4.85165;31.58247;321115;
Japan;Naha;26.21219;127.687286;321102;
India;Bathinda;30.2;74.95;321079;
Kenya;Eldoret;0.52036;35.26992;320774;
India;Nizamabad;18.67154;78.0988;320770;
Belarus;Brest;52.10;23.69;320759;
United States of America;Santa Clarita;34.39166;-118.54259;320550;
China;Shihezi;44.31;86.03;320434;
China;Luoding;22.77;111.57;320126;
United States of America;Santa Rosa;38.44047;-122.71443;320018;
Romania;Timisoara;45.74944;21.22722;320015;
United States of America;Lansing;42.728422;-84.551367;319987;
United Kingdom;Kingston upon Hull;53.748257;-0.334021;319702;
South Africa;East London;-33.01529;27.91162;319304;
Brazil;Blumenau;-26.92;-49.07;318979;
Germany;Mannheim;49.48833;8.46472;318966;
India;Dewas;22.96667;76.06667;318700;
Russian Federation;Surgut;61.258749;73.424407;318631;
Bosnia and Herzegovina;Sarajevo;43.85;18.36;318447;
Pakistan;Okara;30.8080556;73.4458333;318346;
Italy;Nola;40.92201;14.53294;317700;
Thailand;Hat Yai;7.0083;100.4767;317694;
Sudan;Al Gadarif;14.03493;35.38344;317669;
Russian Federation;Kaluga;54.5293;36.27542;317527;
United States of America;Ann Arbor;42.27756;-83.74088;317407;
Argentina;Posadas;-27.37;-55.90;317268;
United States of America;Asheville;35.579862;-82.55581;316604;
China;Botou;38.07;116.57;316299;
Ecuador;Santo Domingo;-0.25;-79.17;316172;
Japan;Nagasaki;32.750214;129.876176;316029;
Egypt;Kafr-ad-Dawwar;31.13385;30.12843;316019;
Canada;Windsor;42.28;-83.01;315475;
Brazil;Caruaru;-8.28;-35.98;315315;
Russian Federation;Volzhsky;48.78583;44.77973;315246;
Cuba;Camaguey;21.38;-77.92;315030;
India;Maunath Bhanjan;25.947485;83.558986;314883;
China;Leping;28.97;117.13;314853;
Ethiopia;Mekele;13.49667;39.47528;314595;
China;Yushu;44.82;126.55;314438;
United States of America;Antioch;38;-121.81;314400;
Italy;Parma;44.80266;10.32898;314188;
United Kingdom;Newport;51.58471;-2.997939;313904;
Brazil;Uberaba;-19.75;-47.93;313605;
India;Farrukhabad;27.39048;79.58006;313589;
Italy;Vicenza;45.55729;11.5409;313447;
Egypt;Aswan;24.09343;32.90704;313396;
United States of America;Trenton;40.2170534;-74.7429384;312928;
Japan;Asahikawa;43.76778;142.37028;312693;
Viet Nam;Nha Trang;12.25;109.18333;312515;
India;Baharampur;24.1;88.25;312333;
United States of America;Lexington-Fayette;38.029632;-84.494642;312294;
Kazakhstan;Ust-Kamenogorsk;49.96466;82.60898;312245;
Morocco;Safi;32.29939;-9.23718;311497;
Russian Federation;Cherepovets;59.13333;37.9;311275;
Russian Federation;Yakutsk;62.03389;129.73306;311229;
China;Zhaoyuan;37.36;120.40;311095;
China;Sanmenxia;34.77;111.20;311072;
United States of America;Rockford;42.271254;-89.095727;310856;
United States of America;Shreveport;32.468003;-93.771115;310319;
Turkmenistan;Tashauz;41.83625;59.96662;310022;
Indonesia;Cirebon;-6.7063;108.557;309993;
Saudi Arabia;Hafar al-Batin;28.425078;45.96883;309809;
United States of America;Springfield, Missouri;37.208264;-93.291368;309615;
China;Baicheng;45.62;122.84;309588;
India;Jalna;19.83333;75.88333;309498;
India;Satna;24.58333;80.83333;309397;
United Kingdom;Swansea;51.6208;-3.9432;309328;
China;Yuanjiang;28.84;112.36;309137;
Venezuela (Bolivarian Republic of);Acarigua-Aruare;9.55451;-69.19564;309047;
Spain;Valladolid;41.65518;-4.72372;309022;
Kazakhstan;Taraz;42.9;71.36667;308855;
Russian Federation;Vladikavkaz;43.03667;44.66778;308596;
China;Kaili;26.58;107.97;308297;
Brazil;Pelotas;-31.77;-52.34;307978;
Russian Federation;Orel;52.96508;36.0785;307613;
Turkey;Izmit;40.774765;29.949082;307441;
India;Navsari;20.948507;72.930834;307230;
Algeria;Batna;35.56;6.17;307101;
Cuba;Holguin;20.89;-76.26;306323;
Russian Federation;Vologda;59.2187;39.8886;306034;
Republic of Korea;Gimhae;35.23417;128.88111;305985;
Jordan;Irbid;32.55556;35.85;305925;
Germany;Karlsruhe;49.00472;8.38583;304686;
Germany;Muenster (Westfalen);51.96236;7.62571;304432;
United Kingdom;Southend-On-Sea;51.53782;0.71433;304344;
Puerto Rico;Aguadilla-Isabela-San Sebastian;18.427701;-67.154397;303030;
Poland;Katowice;50.25842;19.02754;303024;
